country,invoice_groups,average_invoice_gbp,average_lines,average_units
United Kingdom,36535,478.0592948405639,25.663938688928425,252.39009169289722
Germany,789,539.3895830164765,20.85678073510773,285.63751584283904
EIRE,626,1052.9536741214058,27.43450479233227,537.6421725239617
France,622,563.7527009646302,21.980707395498392,437.45659163987136
Netherlands,228,2429.9988596491226,22.30701754385965,1683.6842105263158
Spain,154,703.790974025974,23.857142857142858,326.81168831168833
Belgium,149,438.97530201342283,20.51006711409396,233.38255033557047
Sweden,105,875.2735238095238,12.742857142857142,844.2857142857143
Portugal,95,593.1803157894736,26.126315789473683,292.09473684210525
Australia,95,1782.6416842105261,18.842105263157894,1092.3052631578948
Switzerland,93,1082.8805376344085,33.655913978494624,567.4623655913979
Italy,65,494.1941538461538,22.215384615384615,235.95384615384614
Finland,57,525.0094736842105,18.105263157894736,252.19298245614036
Channel Islands,55,811.5132727272728,28.21818181818182,389.1272727272727
Norway,45,1251.611111111111,28.644444444444446,524.9111111111112
Austria,45,524.7335555555557,20.488888888888887,257.2888888888889
Denmark,43,1594.8997674418606,18.093023255813954,5522.581395348837
Cyprus,37,675.1386486486487,31.216216216216218,296.9189189189189
Japan,33,1303.7548484848485,14.181818181818182,958.8787878787879
Poland,28,380.5103571428572,18.0,203.14285714285714
Unspecified,24,455.6670833333333,31.333333333333332,280.5833333333333
USA,20,418.343,20.45,263.2
Greece,18,1060.8994444444443,36.5,429.1111111111111
United Arab Emirates,16,693.6018750000001,29.1875,457.5625
Hong Kong,15,1592.9546666666668,23.866666666666667,472.06666666666666
Singapore,11,2301.550909090909,30.818181818181817,635.8181818181819
Israel,10,1133.466,36.9,554.1
Bahrain,10,310.979,12.4,133.9
Malta,9,899.8988888888889,31.333333333333332,279.8888888888889
Iceland,8,615.19125,27.75,370.875
Canada,8,610.38,28.5,457.125
Lithuania,6,815.4466666666667,25.666666666666668,384.3333333333333
RSA,4,1201.08,41.75,492.5
European Community,4,325.0625,15.0,124.75
Thailand,2,1535.27,38.0,1276.0
Nigeria,2,70.195,15.0,51.5
Lebanon,2,952.7900000000001,28.5,229.0
Korea,2,559.255,26.5,350.0
Czech Republic,2,413.37,12.5,335.5
Brazil,2,705.935,47.0,272.5
West Indies,1,536.41,54.0,395.0
Saudi Arabia,1,145.92,9.0,80.0
Bermuda,1,1253.1399999999999,34.0,2798.0
