country,cancellation_value,gross_sales,value_ratio
United Kingdom,1268992.11,17465896.337,0.07265542434897826
EIRE,48904.73,659149.0,0.07419374071719748
France,28725.65,350654.18,0.08192016989502307
Norway,20866.59,56322.5,0.37048408717652803
Spain,17319.05,108383.81,0.15979369981549826
Germany,13060.55,425578.381,0.03068894141030157
Singapore,12158.9,25317.06,0.48026508607239543
Hong Kong,9855.02,23894.32,0.4124419527318627
Netherlands,5707.39,554039.74,0.010301409064988732
Portugal,4879.85,56352.13,0.08659566195634487
Denmark,4121.099999999999,68580.69,0.06009125892434152
Sweden,4094.3,91903.72,0.044549883290904875
Channel Islands,3543.15,44633.23,0.07938367893159423
Japan,3361.81,43023.909999999996,0.07813817944487148
Malta,2906.87,8099.09,0.3589131618490472
Australia,2839.04,169350.96,0.01676423918707045
Belgium,2178.9300000000003,65407.32,0.033313243838763
USA,2080.32,8366.86,0.24863807927944295
Italy,1854.07,32122.62,0.05771851735630531
RSA,1435.29,4804.32,0.29874987511239887
Switzerland,1282.53,100707.89,0.012735149152663211
Unspecified,1248.69,10936.01,0.11418149763944986
United Arab Emirates,1148.98,11097.63,0.10353381758087088
Cyprus,817.39,24980.13,0.03272160713334958
Austria,435.41,23613.010000000002,0.01843941115512169
Finland,411.09,29925.54,0.013737095470958919
Poland,374.36,10654.289999999999,0.03513701992342991
Bahrain,248.24,3109.79,0.07982532582585963
Israel,227.44,11334.66,0.020065886405061996
Korea,168.69000000000003,1118.51,0.15081671151800166
Nigeria,147.05,140.39,1.047439276301731
Czech Republic,119.02,826.74,0.14396303553717008
Greece,100.7,19096.19,0.005273303208650522
Lebanon,39.67,1905.58,0.020817808751141385
Saudi Arabia,14.75,145.92,0.10108278508771931
European Community,8.5,1300.25,0.006537204383772351
Bermuda,0.0,1253.1399999999999,0.0
Brazil,0.0,1411.87,0.0
Canada,0.0,4883.04,0.0
Iceland,0.0,4921.53,0.0
Lithuania,0.0,4892.68,0.0
Thailand,0.0,3070.54,0.0
West Indies,0.0,536.41,0.0
