rank,customer_id,gross_sales,share,cumulative_share
1,18102,580987.04,0.033329623627141786,0.033329623627141786
2,14646,528602.52,0.030324468235915707,0.0636540918630575
3,14156,313624.17,0.017991753390014915,0.0816458452530724
4,14911,291561.05,0.01672605306451288,0.09837189831758529
5,17450,244944.25,0.014051775857396965,0.11242367417498225
6,13694,195640.69,0.011223366641456102,0.12364704081643836
7,17511,172132.87,0.009874787862668547,0.1335218286791069
8,16446,168472.5,0.009664802534190168,0.14318663121329706
9,16684,147142.77,0.008441174769673156,0.1516278059829702
10,12415,144458.37,0.008287178147537318,0.15991498413050753
11,15061,126389.02,0.007250589388712174,0.1671655735192197
12,16029,117937.62,0.0067657558868798,0.17393132940609954
13,17949,117314.08,0.006729985117334806,0.18066131452343434
14,15311,115147.09,0.006605670879440997,0.1872669854028753
15,13089,113507.24,0.006511597209045581,0.19377858261192088
16,12931,92347.34,0.005297712123092617,0.19907629473501354
17,14298,91194.49,0.005231576299135942,0.20430787103414946
18,15769,88612.52,0.005083455803510822,0.2093913268376603
19,12346,77556.46,0.0044492001433516955,0.21384052698101197
20,13798,75428.87,0.00432714617475909,0.21816767315577107
21,15838,73205.5,0.004199597571809395,0.22236727072758047
22,17841,69342.51,0.003977988492929748,0.22634525922051021
23,16754,65500.07,0.003757558310855679,0.23010281753136588
24,14096,65164.79,0.003738324222243809,0.2338411417536097
25,14088,64036.8,0.003673614547902055,0.23751475630151175
26,16422,61983.270000000004,0.00355580919718882,0.2410705654987006
27,17389,57224.68,0.0032828220171376423,0.2443533875158382
28,13081,56838.37,0.003260660478210025,0.24761404799404826
29,16013,56384.44,0.0032346197664360264,0.25084866776048426
30,14680,55731.89,0.0031971847732253493,0.25404585253370965
31,12748,54598.04,0.0031321389268504723,0.2571779914605601
32,13093,54144.25,0.0031061062464902344,0.26028409770705035
33,17850,51208.87,0.002937711594171244,0.2632218093012216
34,13408,50174.782,0.0028783888185077043,0.2661001981197293
35,13777,49638.26,0.0028476100315528675,0.2689478081512821
36,17404,47781.12,0.0027410710333285525,0.2716888791846107
37,13881,45179.1,0.0025918003245184286,0.2742806795091291
38,15749,44534.3,0.0025548099274266436,0.2768354894365558
39,16705,43515.051,0.002496338424254489,0.2793318278608103
40,12471,39963.79,0.002292612378090452,0.2816244402389007
41,15098,39916.5,0.002289899481256596,0.28391433972015734
42,15039,39419.92,0.0022614120566476644,0.286175751776805
43,14031,39099.1,0.0022430074983427846,0.28841875927514776
44,17675,37642.48,0.0021594452275427905,0.29057820450269056
45,17381,36398.65,0.002088090131986532,0.2926662946346771
46,12921,35233.24,0.002021233775481045,0.2946875284101581
47,17677,35076.31,0.0020122311343277978,0.2966997595444859
48,12678,34281.18,0.0019666167198743372,0.29866637626436027
49,13902,34095.26,0.00195595100240023,0.30062232726676047
50,13767,33903.57,0.0019449542759447016,0.3025672815427052
51,16210,33750.97,0.0019362000349456223,0.3045034815776508
52,16779,32911.33,0.001888032204588695,0.3063915137822395
53,15856,32649.02,0.001872984203563344,0.3082644979858028
54,14258,32051.34,0.00183869695087442,0.31010319493667726
55,17428,31466.760000000002,0.0018051612090445256,0.3119083561457218
56,12709,30570.64,0.001753753276907598,0.3136621094226294
57,17940,30393.19,0.0017435734599660078,0.3154056828825954
58,14606,30254.18,0.0017355988397741203,0.3171412817223695
59,12681,29834.76,0.0017115378714921156,0.31885281959386164
60,13078,29018.06,0.0016646860456471077,0.32051750563950876
61,13098,28882.44,0.0016569059004027094,0.32217441153991144
62,17857,27347.04,0.00156882423834513,0.3237432357782566
63,14527,27274.97,0.0015646897812756433,0.32530792555953225
64,16333,26626.8,0.0015275060565811914,0.32683543161611345
65,15513,26437.05,0.0015166206225734893,0.3283520522386869
66,17865,26374.39,0.001513025991243199,0.3298650782299301
67,18251,26278.86,0.0015075456986963964,0.3313726239286265
68,13802,26259.11,0.0015064126956837371,0.3328790366243103
69,12731,25775.71,0.0014786813713131273,0.33435771799562336
70,14062,25604.2,0.0014688423157839523,0.3358265603114073
71,12744,25317.06,0.0014523698861609138,0.3372789301975682
72,12939,25264.8,0.0014493718741385552,0.3387283020717068
73,14895,25119.54,0.001441038708689497,0.3401693407803963
74,15498,25062.86,0.0014377871334612675,0.34160712791385756
75,12621,24311.2,0.0013946664729804807,0.34300179438683803
76,13001,24172.100000000002,0.0013866866897368898,0.34438848107657494
77,16525,24171.2,0.0013866350592198573,0.3457751161357948
78,14607,24137.63,0.001384709240934542,0.34715982537672935
79,17920,23780.55,0.0013642245464656605,0.34852404992319497
80,12482,23691.4,0.001359110256917378,0.3498831601801124
81,15640,23623.86,0.0013552356734502886,0.35123839585356265
82,12409,23419.29,0.0013435000569287834,0.35258189591049144
83,16133,22992.260000000002,0.0013190025239416478,0.35390089843443306
84,12682,22958.62,0.001317072689949452,0.3552179711243825
85,14063,22710.2,0.0013028215199036375,0.35652079264428616
86,12540,22254.49,0.001276678694440397,0.3577974713387266
87,15159,22116.73,0.0012687757832999433,0.3590662471220265
88,13340,22100.56,0.0012678481550105914,0.36033409527703714
89,14051,21810.58,0.0012512128024226945,0.3615853080794598
90,16839,21758.25,0.0012482107746934557,0.36283351885415327
91,12753,21429.39,0.0012293449837697513,0.364062863837923
92,15615,21373.97,0.0012261656912653676,0.36528902952918835
93,13319,21323.22,0.0012232543037771415,0.3665122838329655
94,14866,20746.54,0.001190171763152311,0.36770245559611786
95,14667,20729.43,0.0011891902096562803,0.3688916458057741
96,17243,20632.96,0.0011836559919027993,0.3700753017976769
97,15251,20324.54,0.001165962787388146,0.37124126458506507
98,12477,20276.37,0.00116319940738208,0.37240446399244714
99,17706,20272.15,0.0011629573176244385,0.37356742131007153
100,18008,19787.13,0.0011351330583231703,0.3747025543683948
