country,gross_sales,orders,share
United Kingdom,17465896.337,36535,0.8505949089429867
EIRE,659149.0,626,0.032100773577084164
Netherlands,554039.74,228,0.02698191796763187
Germany,425578.381,789,0.02072580743926344
France,350654.18,622,0.017076974153094542
Australia,169350.96,95,0.008247447575619226
Spain,108383.81,154,0.0052783272738511485
Switzerland,100707.89,93,0.004904507439616686
Sweden,91903.72,105,0.004475741458474096
Denmark,68580.69,43,0.0033399022094400513
Belgium,65407.32,149,0.0031853580443934357
Portugal,56352.13,95,0.0027443673065064376
Norway,56322.5,45,0.00274292431573942
Channel Islands,44633.23,55,0.0021736530135734416
Japan,43023.909999999996,33,0.0020952785990888964
Italy,32122.62,65,0.0015643821826669165
Finland,29925.54,57,0.0014573836624374387
Singapore,25317.06,11,0.0012329491673315966
Cyprus,24980.13,37,0.001216540565268441
Hong Kong,23894.32,15,0.0011636612603499266
Austria,23613.010000000002,45,0.0011499613706209433
Greece,19096.19,18,0.000929990747729237
Israel,11334.66,10,0.0005520016782749164
United Arab Emirates,11097.63,16,0.0005404582391420704
Unspecified,10936.01,24,0.0005325872918668286
Poland,10654.289999999999,28,0.000518867435002696
USA,8366.86,20,0.0004074688399909011
Malta,8099.09,9,0.000394428352725145
Iceland,4921.53,8,0.00023968013329736832
Lithuania,4892.68,6,0.0002382751287874641
Canada,4883.04,8,0.00023780565760980456
RSA,4804.32,4,0.00023397196766111606
Bahrain,3109.79,10,0.00015144779808856656
Thailand,3070.54,2,0.00014953631015048193
Lebanon,1905.58,2,9.280237414153711e-05
Brazil,1411.87,2,6.875853439856211e-05
European Community,1300.25,4,6.332260360495683e-05
Bermuda,1253.1399999999999,1,6.1028331075958924e-05
Korea,1118.51,2,5.447180569750452e-05
Czech Republic,826.74,2,4.026251052056297e-05
West Indies,536.41,1,2.6123343818292552e-05
Saudi Arabia,145.92,1,7.106352100007921e-06
Nigeria,140.39,2,6.837039277138925e-06
