month,gross_sales,complete_month,mom_growth
2009-12,825685.76,1,
2010-01,652708.502,1,-0.20949526609251445
2010-02,553339.736,1,-0.15224064907308343
2010-03,833570.131,1,0.5064346128939492
2010-04,681528.992,1,-0.18239753722653484
2010-05,659858.86,1,-0.03179634653018548
2010-06,752270.14,1,0.14004703975635047
2010-07,650712.9400000001,1,-0.13500097185832727
2010-08,697274.91,1,0.07155531592778841
2010-09,924333.011,1,0.32563641362056184
2010-10,1165483.91,1,0.26089179563013554
2010-11,1470272.482,1,0.2615124665255999
2010-12,823746.14,1,-0.43973232847324695
2011-01,691364.56,1,-0.1607067682283767
2011-02,523631.89,1,-0.24261103288256491
2011-03,717639.36,1,0.3705035420971017
2011-04,537808.621,1,-0.250586504898505
2011-05,770536.02,1,0.43273274156012453
2011-06,761739.9,1,-0.011415585737315714
2011-07,719221.191,1,-0.05581788350590544
2011-08,759138.38,1,0.055500574092511634
2011-09,1058590.172,1,0.39446272233001833
2011-10,1154979.3,1,0.09105424417259744
2011-11,1509496.33,1,0.30694665263697796
2011-12,638810.68,0,
