month,gross_sales,net_value,cancellation_value,orders,complete_month
2009-12,825685.76,799847.11,25838.65,1682,1
2010-01,652708.502,624032.892,28675.61,1105,1
2010-02,553339.736,533091.426,20621.88,1201,1
2010-03,833570.131,765848.761,67721.37,1681,1
2010-04,681528.992,644174.792,37354.200000000004,1462,1
2010-05,659858.86,615322.83,44536.03,1500,1
2010-06,752270.14,679786.61,72483.53,1645,1
2010-07,650712.9400000001,619268.15,31444.79,1529,1
2010-08,697274.91,656776.34,40498.57,1425,1
2010-09,924333.011,853650.431,70682.58,1839,1
2010-10,1165483.91,1084094.22,81389.69,2301,1
2010-11,1470272.482,1422654.642,47617.840000000004,2747,1
2010-12,823746.14,748957.02,74789.12,1559,1
2011-01,691364.56,560000.26,131364.3,1086,1
2011-02,523631.89,498062.65,25569.24,1100,1
2011-03,717639.36,683267.08,34372.28,1454,1
2011-04,537808.621,493207.121,44601.5,1246,1
2011-05,770536.02,723333.51,47202.51,1681,1
2011-06,761739.9,691123.12,70616.78,1533,1
2011-07,719221.191,681300.111,37921.08,1475,1
2011-08,759138.38,704804.63,54333.75,1361,1
2011-09,1058590.172,1019687.622,38902.55,1837,1
2011-10,1154979.3,1070704.67,84274.63,2040,1
2011-11,1509496.33,1461756.25,47740.08,2769,1
2011-12,638810.68,433686.01,205124.67,819,0
