product_id,min_price,max_price,different_prices,gross_sales
DOT,0.35,4505.17,1290,309854.11
M,0.06,25111.09,298,339614.89
POST,0.5,8142.75,81,125682.42
20685,4.0,16.98,21,66464.71
21033,1.25,6.04,18,10157.79
21955,4.0,16.98,18,23809.22
48138,4.0,16.98,18,67138.19
48187,4.0,16.98,18,46643.66
48188,4.0,16.98,18,28662.03
21524,4.0,16.98,17,36057.55
47566,2.3,15.79,17,148395.98
48185,4.0,16.98,17,45777.19
79321,3.59,17.88,17,80873.23
21166,1.4,4.3,16,38270.81
21523,4.58,16.98,16,46114.59
22690,4.58,16.72,15,15859.74
48184,4.58,15.79,15,31194.96
48194,4.0,15.79,15,48817.38
21175,1.4,4.96,14,43956.48
21494,0.85,5.91,14,6456.5
21621,6.98,19.95,14,60405.04
21929,1.33,5.06,14,49685.27
22110,1.25,11.25,14,8620.76
22111,4.25,16.67,14,50017.490000000005
22113,2.95,12.5,14,22163.73
22691,4.58,17.88,14,5214.04
48111,4.0,15.79,14,26030.42
48116,4.0,15.79,14,20728.07
48129,4.0,15.79,14,19646.08
48173C,4.0,15.79,14,23172.35
