product_id,description,gross_sales,sale_units,revenue_rank
M,Manual,339614.89,9931,1
22423,REGENCY CAKESTAND 3 TIER,331084.26999999996,26519,2
DOT,DOTCOM POSTAGE,309854.11,1415,3
85123A,CREAM HANGING HEART T-LIGHT HOLDER,258065.91,94323,4
85099B,JUMBO BAG RED RETROSPOT,180888.03,96931,5
23843,"PAPER CRAFT , LITTLE BIRDIE",168469.6,80995,6
47566,PARTY BUNTING,148395.98,28216,7
84879,ASSORTED COLOUR BIRD ORNAMENT,129681.08,80293,8
POST,POSTAGE,125682.42,5363,9
22086,PAPER CHAIN KIT 50'S CHRISTMAS,117884.19,35126,10
23166,MEDIUM CERAMIC TOP STORAGE JAR,81700.92000000001,78033,11
79321,CHILLI LIGHTS,80873.23,15918,12
22197,POPCORN HOLDER,79552.5,88537,13
22386,JUMBO BAG PINK POLKADOT,76385.2,39467,14
20725,LUNCH BAG RED RETROSPOT,71396.14,40506,15
84347,ROTATING SILVER ANGELS T-LIGHT HLDR,71361.6,31433,16
85099F,JUMBO BAG STRAWBERRY,68091.85,36912,17
48138,DOORMAT UNION FLAG,67138.19,10095,18
23084,RABBIT NIGHT LIGHT,66964.99,30788,19
20685,DOORMAT RED RETROSPOT,66464.71,9789,20
21137,BLACK RECORD COVER FRAME,65223.04,18748,21
21843,RED RETROSPOT CAKE STAND,65189.95,6155,22
21931,JUMBO STORAGE BAG SUKI,61565.11,29196,23
22502,PICNIC BASKET WICKER SMALL,60924.5,3774,24
21621,VINTAGE UNION JACK BUNTING,60405.04,6914,25
22114,HOT WATER BOTTLE TEA AND SYMPATHY,59336.64,11717,26
85099C,JUMBO BAG BAROQUE BLACK WHITE,59226.87,30726,27
22910,PAPER CHAIN KIT VINTAGE CHRISTMAS,58699.9,18650,28
22112,CHOCOLATE HOT WATER BOTTLE,58095.79,11088,29
15056N,EDWARDIAN PARASOL NATURAL,57999.25,11290,30
