date,gross_sales,moving_7_day_sales,running_sales
2009-12-01,54513.5,54513.5,54513.5
2009-12-02,63352.51,58933.005000000005,117866.01000000001
2009-12-03,74037.91,63967.973333333335,191903.92
2009-12-04,40732.92,58159.21,232636.84
2009-12-05,9803.05,48487.978,242439.89
2009-12-06,24613.64,44508.92166666667,267053.53
2009-12-07,45083.35,44590.98285714286,312136.88
2009-12-08,49517.23,43877.229999999996,361654.11
2009-12-09,40616.090000000004,40629.17,402270.2
2009-12-10,44442.11,36401.19857142858,446712.31
2009-12-11,39659.6,36247.86714285715,486371.91000000003
2009-12-12,0.0,34847.43142857143,486371.91000000003
2009-12-13,22313.09,34518.78142857143,508685.0
2009-12-14,73327.66,38553.68285714286,582012.66
2009-12-15,50340.24,38671.25571428571,632352.9
2009-12-16,52792.25,40410.70714285714,685145.15
2009-12-17,31239.47,38524.61571428571,716384.62
2009-12-18,42588.09,38942.97142857143,758972.71
2009-12-19,0.0,38942.97142857143,758972.71
2009-12-20,11450.68,37391.19857142858,770423.39
2009-12-21,16367.84,29254.08142857143,786791.23
2009-12-22,28023.43,26065.965714285714,814814.66
2009-12-23,10871.1,20077.23,825685.76
2009-12-24,0.0,15614.448571428571,825685.76
2009-12-25,0.0,9530.435714285715,825685.76
2009-12-26,0.0,9530.435714285715,825685.76
2009-12-27,0.0,7894.624285714286,825685.76
2009-12-28,0.0,5556.361428571428,825685.76
2009-12-29,0.0,1553.0142857142857,825685.76
2009-12-30,0.0,0.0,825685.76
2009-12-31,0.0,0.0,825685.76
2010-01-01,0.0,0.0,825685.76
2010-01-02,0.0,0.0,825685.76
2010-01-03,0.0,0.0,825685.76
2010-01-04,13481.25,1925.892857142857,839167.01
2010-01-05,19199.29,4668.648571428572,858366.3
2010-01-06,8746.18,5918.102857142857,867112.48
2010-01-07,73085.74,16358.922857142858,940198.22
2010-01-08,30319.05,20690.215714285714,970517.27
2010-01-09,0.0,20690.215714285714,970517.27
2010-01-10,23688.6,24074.30142857143,994205.87
2010-01-11,37887.26,27560.874285714286,1032093.13
2010-01-12,40856.53,30654.765714285717,1072949.66
2010-01-13,22489.07,32618.035714285714,1095438.73
2010-01-14,31672.73,26701.891428571427,1127111.46
2010-01-15,13515.89,24301.44,1140627.35
2010-01-16,0.0,24301.44,1140627.35
2010-01-17,17578.24,23428.53142857143,1158205.59
2010-01-18,21451.56,21080.574285714283,1179657.15
2010-01-19,33352.561,20008.578714285715,1213009.7110000001
2010-01-20,19140.16,19530.163,1232149.871
2010-01-21,27391.96,18918.62442857143,1259541.831
2010-01-22,36814.82,22247.043,1296356.651
2010-01-23,0.0,22247.043,1296356.651
2010-01-24,16070.24,22031.61442857143,1312426.891
2010-01-25,23045.6,22259.334428571427,1335472.491
2010-01-26,47243.84,24243.802857142855,1382716.331
2010-01-27,28703.6,25610.00857142857,1411419.931
2010-01-28,19865.670000000002,24534.824285714283,1431285.601
2010-01-29,28403.981,23333.275857142853,1459689.582
2010-01-30,0.0,23333.275857142853,1459689.582
2010-01-31,18704.68,23709.624428571427,1478394.262
2010-02-01,19831.431,23250.457428571426,1498225.693
2010-02-02,21696.7,19600.866,1519922.393
2010-02-03,21450.191,18564.664714285715,1541372.584
2010-02-04,22676.5,18966.21185714286,1564049.084
2010-02-05,21931.04,18041.506,1585980.124
2010-02-06,0.0,18041.506,1585980.124
2010-02-07,17078.21,17809.153142857143,1603058.334
2010-02-08,17438.52,17467.308714285715,1620496.854
2010-02-09,19666.54,17177.28585714286,1640163.394
2010-02-10,9583.09,15481.985714285713,1649746.484
2010-02-11,15114.4,14401.685714285715,1664860.884
2010-02-12,11393.61,12896.33857142857,1676254.494
2010-02-13,0.0,12896.33857142857,1676254.494
2010-02-14,17914.45,13015.801428571429,1694168.944
2010-02-15,42784.781,16636.69585714286,1736953.725
2010-02-16,31203.68,18284.858714285714,1768157.405
2010-02-17,26616.23,20718.164428571432,1794773.635
2010-02-18,35811.19,23674.848714285712,1830584.825
2010-02-19,27254.86,25940.74157142857,1857839.685
2010-02-20,0.0,25940.74157142857,1857839.685
2010-02-21,11477.911,25021.236,1869317.596
2010-02-22,26359.13,22674.714428571428,1895676.726
2010-02-23,22707.44,21460.965857142855,1918384.166
2010-02-24,33086.291,22385.260285714285,1951470.457
2010-02-25,46642.82,23932.636,1998113.277
2010-02-26,16703.701,22425.327571428574,2014816.9780000001
2010-02-27,0.0,22425.327571428574,2014816.9780000001
2010-02-28,16917.02,23202.343142857142,2031733.998
2010-03-01,25831.21,23126.926,2057565.208
2010-03-02,26423.87,23657.844571428574,2083989.078
2010-03-03,34114.91,23804.790142857146,2118103.988
2010-03-04,32369.19,21765.700142857146,2150473.178
2010-03-05,27684.73,23334.41857142857,2178157.908
2010-03-06,0.0,23334.41857142857,2178157.908
2010-03-07,20001.22,23775.018571428573,2198159.128
2010-03-08,37256.01,25407.132857142857,2235415.138
2010-03-09,22035.75,24780.25857142857,2257450.888
2010-03-10,27547.43,23842.047142857144,2284998.318
2010-03-11,24591.91,22731.007142857143,2309590.228
2010-03-12,21712.54,21877.837142857144,2331302.768
2010-03-13,0.0,21877.837142857144,2331302.768
2010-03-14,9032.7,20310.905714285713,2340335.468
2010-03-15,27662.451,18940.397285714287,2367997.919
2010-03-16,24059.94,19229.567285714285,2392057.859
2010-03-17,30795.24,19693.540142857146,2422853.099
2010-03-18,41145.01,22058.268714285714,2463998.109
2010-03-19,45764.45,25494.255857142856,2509762.559
2010-03-20,0.0,25494.255857142856,2509762.559
2010-03-21,20873.23,27185.760142857143,2530635.789
2010-03-22,25614.49,26893.194285714282,2556250.279
2010-03-23,56488.73,31525.87857142857,2612739.009
2010-03-24,30179.260000000002,31437.88142857143,2642918.269
2010-03-25,38993.08,31130.462857142855,2681911.349
2010-03-26,32546.05,29242.12,2714457.399
2010-03-27,0.0,29242.12,2714457.399
2010-03-28,22562.62,29483.46142857143,2737020.019
2010-03-29,59935.770000000004,34386.50142857143,2796955.789
2010-03-30,38630.01,31835.255714285715,2835585.799
2010-03-31,29718.33,31769.408571428572,2865304.129
2010-04-01,30823.15,30602.27571428571,2896127.279
2010-04-02,0.0,25952.84,2896127.279
2010-04-03,0.0,25952.84,2896127.279
2010-04-04,0.0,22729.608571428573,2896127.279
2010-04-05,0.0,14167.355714285715,2896127.279
2010-04-06,19476.52,11431.142857142857,2915603.799
2010-04-07,34590.91,12127.225714285714,2950194.7090000003
2010-04-08,47626.52,14527.707142857142,2997821.229
2010-04-09,16988.42,16954.624285714286,3014809.649
2010-04-10,0.0,16954.624285714286,3014809.649
2010-04-11,19967.32,19807.09857142857,3034776.969
2010-04-12,27221.411,23695.87157142857,3061998.38
2010-04-13,26027.6,24631.74014285714,3088025.98
2010-04-14,27214.08,23577.907285714286,3115240.06
2010-04-15,29613.48,21004.615857142857,3144853.54
2010-04-16,19561.05,21372.134428571426,3164414.59
2010-04-17,0.0,21372.134428571426,3164414.59
2010-04-18,24096.88,21962.07157142857,3188511.47
2010-04-19,45287.87,24542.994285714285,3233799.34
2010-04-20,29204.7,24996.865714285716,3263004.04
2010-04-21,29469.46,25319.062857142857,3292473.5
2010-04-22,43505.03,27303.57,3335978.5300000003
2010-04-23,16737.31,26900.178571428572,3352715.84
2010-04-24,0.0,26900.178571428572,3352715.84
2010-04-25,16774.12,25854.07,3369489.96
2010-04-26,36270.85,24565.924285714285,3405760.81
2010-04-27,46378.58,27019.335714285717,3452139.39
2010-04-28,32562.56,27461.207142857143,3484701.95
2010-04-29,32848.171,25938.798714285716,3517550.121
2010-04-30,29283.0,27731.040142857146,3546833.121
2010-05-01,0.0,27731.040142857146,3546833.121
2010-05-02,12367.83,27101.570142857145,3559200.951
2010-05-03,0.0,21920.02014285714,3559200.951
2010-05-04,22745.04,18543.800142857144,3581945.991
2010-05-05,28118.53,17908.938714285712,3610064.521
2010-05-06,54666.13,21025.79,3664730.651
2010-05-07,35769.25,21952.397142857142,3700499.901
2010-05-08,0.0,21952.397142857142,3700499.901
2010-05-09,23143.29,23491.74857142857,3723643.191
2010-05-10,32948.68,28198.702857142856,3756591.871
2010-05-11,28780.12,29060.85714285714,3785371.991
2010-05-12,31407.31,29530.682857142856,3816779.301
2010-05-13,41108.4,27593.864285714284,3857887.701
2010-05-14,18895.91,25183.38714285714,3876783.611
2010-05-15,0.0,25183.38714285714,3876783.611
2010-05-16,18478.89,24517.044285714284,3895262.501
2010-05-17,25562.62,23461.89285714286,3920825.121
2010-05-18,29021.78,23496.415714285715,3949846.901
2010-05-19,17831.08,21556.954285714284,3967677.981
2010-05-20,25782.58,19367.551428571427,3993460.561
2010-05-21,27340.92,20573.981428571427,4020801.481
2010-05-22,0.0,20573.981428571427,4020801.481
2010-05-23,25457.97,21570.992857142857,4046259.451
2010-05-24,35831.33,23037.95142857143,4082090.781
2010-05-25,22463.37,22101.035714285714,4104554.151
2010-05-26,38438.24,25044.915714285715,4142992.391
2010-05-27,30978.43,25787.18,4173970.821
2010-05-28,21906.2,25010.79142857143,4195877.021
2010-05-29,0.0,25010.79142857143,4195877.021
2010-05-30,10814.960000000001,22918.932857142856,4206691.981
2010-05-31,0.0,17800.17142857143,4206691.981
2010-06-01,15732.15,16838.568571428572,4222424.131
2010-06-02,16236.29,13666.861428571428,4238660.421
2010-06-03,29651.8,13477.342857142856,4268312.221
2010-06-04,21273.58,13386.968571428572,4289585.801
2010-06-05,0.0,13386.968571428572,4289585.801
2010-06-06,25686.0,15511.402857142859,4315271.801
2010-06-07,49759.94,22619.965714285714,4365031.741
2010-06-08,54433.03,28148.66285714286,4419464.771
2010-06-09,38414.69,31317.005714285715,4457879.461
2010-06-10,18389.4,29708.09142857143,4476268.8610000005
2010-06-11,37802.25,32069.329999999998,4514071.1110000005
2010-06-12,0.0,32069.329999999998,4514071.1110000005
2010-06-13,21616.44,31487.964285714286,4535687.551
2010-06-14,24375.41,27861.602857142858,4560062.961
2010-06-15,30542.48,24448.667142857146,4590605.441
2010-06-16,31335.03,23437.287142857145,4621940.471
2010-06-17,58225.94,29128.221428571425,4680166.411
2010-06-18,18800.68,26413.71142857143,4698967.091
2010-06-19,0.0,26413.71142857143,4698967.091
2010-06-20,9113.43,24627.567142857144,4708080.521
2010-06-21,21159.71,24168.181428571428,4729240.231
2010-06-22,14749.68,21912.067142857144,4743989.911
2010-06-23,27848.739999999998,21414.02571428571,4771838.651
2010-06-24,26729.66,16914.557142857142,4798568.311
2010-06-25,17719.42,16760.091428571428,4816287.731
2010-06-26,0.0,16760.091428571428,4816287.731
2010-06-27,18834.32,18148.79,4835122.051
2010-06-28,53998.72,22840.077142857142,4889120.771
2010-06-29,35141.21,25753.152857142857,4924261.981
2010-06-30,34700.14,26731.924285714285,4958962.121
2010-07-01,30314.81,27244.088571428572,4989276.931
2010-07-02,16893.27,27126.067142857144,5006170.201
2010-07-03,0.0,27126.067142857144,5006170.201
2010-07-04,10493.66,25934.544285714284,5016663.8610000005
2010-07-05,32895.2,22919.755714285715,5049559.061
2010-07-06,23503.99,21257.295714285716,5073063.051
2010-07-07,32252.99,20907.70285714286,5105316.041
2010-07-08,20301.63,19477.24857142857,5125617.671
2010-07-09,37271.94,22388.487142857142,5162889.6110000005
2010-07-10,0.0,22388.487142857142,5162889.6110000005
2010-07-11,7856.43,22011.739999999998,5170746.041
2010-07-12,19885.9,20153.268571428573,5190631.941
2010-07-13,21056.39,19803.61142857143,5211688.331
2010-07-14,23860.81,18604.72857142857,5235549.141
2010-07-15,56662.69,23799.165714285715,5292211.831
2010-07-16,22603.54,21703.68,5314815.371
2010-07-17,0.0,21703.68,5314815.371
2010-07-18,15214.11,22754.777142857143,5330029.481
2010-07-19,30567.61,24280.735714285714,5360597.091
2010-07-20,24853.87,24823.23285714286,5385450.961
2010-07-21,22396.05,24613.981428571427,5407847.011
2010-07-22,26860.99,20356.595714285715,5434708.001
2010-07-23,25904.96,20828.227142857144,5460612.961
2010-07-24,0.0,20828.227142857144,5460612.961
2010-07-25,17431.3,21144.96857142857,5478044.261
2010-07-26,25205.76,20378.989999999998,5503250.021
2010-07-27,28490.87,20898.56142857143,5531740.891
2010-07-28,23364.32,21036.885714285716,5555105.211
2010-07-29,38422.54,22688.535714285714,5593527.751
2010-07-30,16147.31,21294.585714285717,5609675.061
2010-07-31,0.0,21294.585714285717,5609675.061
2010-08-01,30724.29,23193.584285714285,5640399.351
2010-08-02,29175.51,23760.691428571427,5669574.8610000005
2010-08-03,26943.48,23539.635714285716,5696518.341
2010-08-04,21425.14,23262.609999999997,5717943.481
2010-08-05,24508.48,21274.88714285714,5742451.961
2010-08-06,15219.6,21142.35714285714,5757671.561
2010-08-07,0.0,21142.35714285714,5757671.561
2010-08-08,14147.14,18774.192857142858,5771818.701
2010-08-09,31711.09,19136.41857142857,5803529.791
2010-08-10,35820.32,20404.53857142857,5839350.1110000005
2010-08-11,23719.39,20732.28857142857,5863069.501
2010-08-12,29123.13,21391.524285714288,5892192.631
2010-08-13,37403.7,24560.681428571428,5929596.331
2010-08-14,0.0,24560.681428571428,5929596.331
2010-08-15,22356.69,25733.47428571429,5951953.021
2010-08-16,20880.2,24186.204285714284,5972833.221
2010-08-17,30395.63,23411.24857142857,6003228.851
2010-08-18,37239.15,25342.64285714286,6040468.001
2010-08-19,33052.15,25903.931428571428,6073520.151
2010-08-20,25550.79,24210.658571428572,6099070.941
2010-08-21,0.0,24210.658571428572,6099070.941
2010-08-22,22766.81,24269.247142857144,6121837.751
2010-08-23,21901.25,24415.11142857143,6143739.001
2010-08-24,27485.09,23999.32,6171224.091
2010-08-25,31715.03,23210.16,6202939.121
2010-08-26,35363.46,23540.347142857143,6238302.581
2010-08-27,18173.14,22486.397142857142,6256475.721
2010-08-28,0.0,22486.397142857142,6256475.721
2010-08-29,14509.78,21306.821428571428,6270985.501
2010-08-30,0.0,18178.071428571428,6270985.501
2010-08-31,35964.47,19389.411428571428,6306949.971
2010-09-01,23367.55,18196.914285714283,6330317.521
2010-09-02,36501.87,18359.544285714284,6366819.391
2010-09-03,37258.14,21085.972857142857,6404077.531
2010-09-04,0.0,21085.972857142857,6404077.531
2010-09-05,12389.65,20783.097142857143,6416467.181
2010-09-06,28785.63,24895.329999999998,6445252.811
2010-09-07,27498.31,23685.87857142857,6472751.121
2010-09-08,17635.87,22867.067142857144,6490386.991
2010-09-09,25798.99,21338.084285714285,6516185.981
2010-09-10,17639.27,18535.38857142857,6533825.251
2010-09-11,0.0,18535.38857142857,6533825.251
2010-09-12,15762.29,19017.19428571429,6549587.541
2010-09-13,38443.68,20396.915714285715,6588031.221
2010-09-14,21261.079999999998,19505.882857142857,6609292.301
2010-09-15,34838.27,21963.36857142857,6644130.571
2010-09-16,40432.691,24053.897285714283,6684563.262
2010-09-17,21501.73,24605.677285714282,6706064.992
2010-09-18,0.0,24605.677285714282,6706064.992
2010-09-19,23096.14,25653.37014285714,6729161.132
2010-09-20,43949.12,26439.86157142857,6773110.252
2010-09-21,62951.83,32395.682999999997,6836062.082
2010-09-22,30623.8,31793.615857142857,6866685.882
2010-09-23,36287.77,31201.484285714287,6902973.652
2010-09-24,50511.18,35345.69142857143,6953484.832
2010-09-25,0.0,35345.69142857143,6953484.832
2010-09-26,21905.72,35175.63142857143,6975390.552
2010-09-27,118909.67,45884.28142857143,7094300.222
2010-09-28,46550.840000000004,43541.282857142854,7140851.062
2010-09-29,38789.98,44707.880000000005,7179641.042
2010-09-30,51641.94,46901.33285714286,7231282.982
2010-10-01,38701.58,45214.24714285714,7269984.562
2010-10-02,0.0,45214.24714285714,7269984.562
2010-10-03,38809.35,47629.05142857142,7308793.9120000005
2010-10-04,39399.48,36270.45285714286,7348193.392
2010-10-05,84879.59,41745.98857142857,7433072.982
2010-10-06,30927.6,40622.79142857143,7464000.582
2010-10-07,54453.87,41024.49571428571,7518454.4520000005
2010-10-08,60336.02,44115.13,7578790.472
2010-10-09,0.0,44115.13,7578790.472
2010-10-10,23197.98,41884.934285714284,7601988.4520000005
2010-10-11,43509.87,42472.13285714285,7645498.322
2010-10-12,50013.95,37491.32714285714,7695512.272
2010-10-13,57949.72,41351.63,7753461.992
2010-10-14,87526.41,46076.27857142857,7840988.402
2010-10-15,54917.81,45302.24857142857,7895906.212
2010-10-16,0.0,45302.24857142857,7895906.212
2010-10-17,33361.71,46754.21,7929267.922
2010-10-18,41548.22,46473.974285714285,7970816.142
2010-10-19,50068.89,46481.822857142855,8020885.032
2010-10-20,45915.42,44762.637142857144,8066800.4520000005
2010-10-21,39249.51,37865.93714285714,8106049.962
2010-10-22,41150.03,35899.11142857143,8147199.992
2010-10-23,0.0,35899.11142857143,8147199.992
2010-10-24,28877.25,35258.474285714285,8176077.242
2010-10-25,29496.94,33536.862857142856,8205574.182
2010-10-26,46073.36,32966.072857142855,8251647.542
2010-10-27,32986.1,31119.027142857143,8284633.642
2010-10-28,34490.35,30439.147142857142,8319123.992
2010-10-29,47284.2,31315.45714285714,8366408.192
2010-10-30,0.0,31315.45714285714,8366408.192
2010-10-31,30358.7,31527.092857142856,8396766.892
2010-11-01,29629.93,31546.091428571428,8426396.822
2010-11-02,45082.39,31404.524285714284,8471479.212
2010-11-03,45438.9,33183.49571428572,8516918.112
2010-11-04,90056.29,41121.48714285714,8606974.402
2010-11-05,46639.15,41029.33714285714,8653613.552
2010-11-06,0.0,41029.33714285714,8653613.552
2010-11-07,32024.41,41267.29571428571,8685637.962
2010-11-08,90952.91100000001,50027.72157142857,8776590.873
2010-11-09,66381.06,53070.38871428572,8842971.933
2010-11-10,80244.63,58042.63585714286,8923216.563
2010-11-11,64240.98,54354.73442857143,8987457.543
2010-11-12,50851.12,54956.444428571434,9038308.663
2010-11-13,0.0,54956.444428571434,9038308.663
2010-11-14,29452.88,54589.083,9067761.543
2010-11-15,105185.54000000001,56622.315714285716,9172947.083
2010-11-16,73090.41,57580.794285714284,9246037.493
2010-11-17,51724.561,53506.49871428572,9297762.054
2010-11-18,45066.24,50767.25014285714,9342828.294
2010-11-19,48044.49,50366.303,9390872.784
2010-11-20,0.0,50366.303,9390872.784
2010-11-21,32448.6,50794.263,9423321.384
2010-11-22,43278.66,41950.423,9466600.044
2010-11-23,58561.66,39874.887285714285,9525161.704
2010-11-24,61907.52,41329.595714285715,9587069.224
2010-11-25,72511.2,45250.30428571429,9659580.424
2010-11-26,40570.95,44182.65571428571,9700151.374
2010-11-27,0.0,44182.65571428571,9700151.374
2010-11-28,27594.86,43489.264285714286,9727746.234
2010-11-29,79264.06,48630.03571428572,9807010.294
2010-11-30,60029.08,48839.66714285714,9867039.374
2010-12-01,58960.79,48418.705714285716,9926000.164
2010-12-02,47748.38,44881.159999999996,9973748.544
2010-12-03,46943.71,45791.55428571429,10020692.254
2010-12-04,0.0,45791.55428571429,10020692.254
2010-12-05,31774.95,46388.71,10052467.204
2010-12-06,54830.46,42898.19571428571,10107297.664
2010-12-07,99618.2,48553.78428571428,10206915.864
2010-12-08,45389.98,46615.09714285714,10252305.844
2010-12-09,53586.18,47449.06857142857,10305892.024
2010-12-10,59182.92,49197.52714285714,10365074.944
2010-12-11,0.0,49197.52714285714,10365074.944
2010-12-12,17329.07,47133.83,10382404.014
2010-12-13,38006.71,44730.43714285714,10420410.724
2010-12-14,45254.73,36964.22714285714,10465665.454
2010-12-15,30444.62,34829.17571428572,10496110.074000001
2010-12-16,49352.9,34224.42142857143,10545462.974
2010-12-17,45418.33,32258.05142857143,10590881.304
2010-12-18,0.0,32258.05142857143,10590881.304
2010-12-19,7534.91,30858.885714285716,10598416.214
2010-12-20,26789.13,29256.374285714286,10625205.344
2010-12-21,47304.090000000004,29549.140000000003,10672509.434
2010-12-22,6199.97,26085.618571428575,10678709.404
2010-12-23,12076.11,20760.36285714286,10690785.514
2010-12-24,0.0,14272.03,10690785.514
2010-12-25,0.0,14272.03,10690785.514
2010-12-26,0.0,13195.614285714286,10690785.514
2010-12-27,0.0,9368.595714285713,10690785.514
2010-12-28,0.0,2610.8685714285716,10690785.514
2010-12-29,0.0,1725.1585714285716,10690785.514
2010-12-30,0.0,0.0,10690785.514
2010-12-31,0.0,0.0,10690785.514
2011-01-01,0.0,0.0,10690785.514
2011-01-02,0.0,0.0,10690785.514
2011-01-03,0.0,0.0,10690785.514
2011-01-04,16026.08,2289.44,10706811.594
2011-01-05,32634.47,6951.507142857144,10739446.064
2011-01-06,40382.85,12720.485714285713,10779828.914
2011-01-07,28836.59,16839.998571428572,10808665.504
2011-01-08,0.0,16839.998571428572,10808665.504
2011-01-09,15778.2,19094.027142857143,10824443.704
2011-01-10,24569.07,22603.894285714287,10849012.774
2011-01-11,68655.59,30122.395714285714,10917668.364
2011-01-12,24693.78,28988.011428571426,10942362.144
2011-01-13,20624.64,26165.41,10962986.784
2011-01-14,47576.9,28842.597142857143,11010563.684
2011-01-15,0.0,28842.597142857143,11010563.684
2011-01-16,7242.06,27623.148571428574,11017805.744
2011-01-17,29333.02,28303.712857142855,11047138.764
2011-01-18,95978.05,32206.92142857143,11143116.814
2011-01-19,25934.57,32384.17714285714,11169051.384
2011-01-20,21246.99,32473.084285714285,11190298.374
2011-01-21,32640.3,30339.284285714286,11222938.674
2011-01-22,0.0,30339.284285714286,11222938.674
2011-01-23,10400.25,30790.454285714284,11233338.924
2011-01-24,25733.79,30276.278571428575,11259072.714
2011-01-25,29077.47,20719.052857142855,11288150.184
2011-01-26,19922.29,19860.155714285713,11308072.474
2011-01-27,23730.84,20214.99142857143,11331803.314
2011-01-28,20090.65,18422.184285714287,11351893.964
2011-01-29,0.0,18422.184285714287,11351893.964
2011-01-30,6615.75,17881.54142857143,11358509.714
2011-01-31,23640.36,17582.48,11382150.074000001
2011-02-01,29034.99,17576.411428571428,11411185.064
2011-02-02,21216.2,17761.255714285715,11432401.264
2011-02-03,23479.83,17725.397142857142,11455881.094
2011-02-04,25162.19,18449.902857142857,11481043.284
2011-02-05,0.0,18449.902857142857,11481043.284
2011-02-06,3457.11,17998.668571428574,11484500.394
2011-02-07,25955.01,18329.332857142857,11510455.404
2011-02-08,20949.92,17174.322857142855,11531405.324000001
2011-02-09,16692.58,16528.091428571428,11548097.904
2011-02-10,14896.460000000001,15301.895714285714,11562994.364
2011-02-11,22873.1,14974.882857142857,11585867.464
2011-02-12,0.0,14974.882857142857,11585867.464
2011-02-13,5713.63,15297.242857142857,11591581.094
2011-02-14,26703.510000000002,15404.171428571428,11618284.604
2011-02-15,39875.74,18107.86,11658160.344
2011-02-16,24949.1,19287.36285714286,11683109.444
2011-02-17,26372.670000000002,20926.821428571428,11709482.114
2011-02-18,16208.75,19974.77142857143,11725690.864
2011-02-19,0.0,19974.77142857143,11725690.864
2011-02-20,9624.69,20533.494285714285,11735315.554
2011-02-21,36388.75,21917.100000000002,11771704.304
2011-02-22,32498.35,20863.187142857143,11804202.654
2011-02-23,26891.6,21140.687142857143,11831094.254
2011-02-24,22809.84,20631.71142857143,11853904.094
2011-02-25,20595.74,21258.424285714285,11874499.834
2011-02-26,0.0,21258.424285714285,11874499.834
2011-02-27,9526.5,21244.397142857142,11884026.334
2011-02-28,21755.63,19153.95142857143,11905781.964
2011-03-01,26354.96,18276.324285714287,11932136.924
2011-03-02,18690.79,17104.780000000002,11950827.714
2011-03-03,36404.0,19046.802857142855,11987231.714
2011-03-04,19506.8,18891.239999999998,12006738.514
2011-03-05,0.0,18891.239999999998,12006738.514
2011-03-06,10005.37,18959.649999999998,12016743.884
2011-03-07,32356.55,20474.067142857144,12049100.434
2011-03-08,25081.62,20292.161428571428,12074182.054
2011-03-09,22038.84,20770.454285714284,12096220.894
2011-03-10,26120.22,19301.342857142856,12122341.114
2011-03-11,25475.18,20153.96857142857,12147816.294
2011-03-12,0.0,20153.96857142857,12147816.294
2011-03-13,4148.12,19317.21857142857,12151964.414
2011-03-14,26019.55,18411.932857142856,12177983.964
2011-03-15,23493.49,18185.057142857146,12201477.454
2011-03-16,21948.36,18172.13142857143,12223425.814
2011-03-17,39904.94,20141.377142857145,12263330.754
2011-03-18,28171.79,20526.60714285714,12291502.544
2011-03-19,0.0,20526.60714285714,12291502.544
2011-03-20,22153.49,23098.802857142855,12313656.034
2011-03-21,16715.52,21769.655714285713,12330371.554
2011-03-22,31515.579999999998,22915.66857142857,12361887.134
2011-03-23,24091.67,23221.855714285713,12385978.804
2011-03-24,36697.14,22763.59857142857,12422675.944
2011-03-25,31394.21,23223.944285714282,12454070.154
2011-03-26,0.0,23223.944285714282,12454070.154
2011-03-27,9241.35,21379.352857142858,12463311.504
2011-03-28,23176.72,22302.381428571425,12486488.224
2011-03-29,70711.92,27901.858571428573,12557200.144
2011-03-30,31885.28,29015.231428571427,12589085.424
2011-03-31,34335.9,28677.911428571428,12623421.324000001
2011-04-01,25667.510000000002,27859.81142857143,12649088.834
2011-04-02,0.0,27859.81142857143,12649088.834
2011-04-03,6943.15,27531.497142857144,12656031.984
2011-04-04,33254.24,28971.14285714286,12689286.224
2011-04-05,30144.77,23175.835714285717,12719430.994
2011-04-06,17362.36,21101.132857142857,12736793.354
2011-04-07,18512.89,18840.70285714286,12755306.244
2011-04-08,25295.64,18787.57857142857,12780601.884
2011-04-09,0.0,18787.57857142857,12780601.884
2011-04-10,9913.98,19211.98285714286,12790515.864
2011-04-11,22353.27,17654.70142857143,12812869.134
2011-04-12,25570.3,17001.205714285716,12838439.434
2011-04-13,24484.420000000002,18018.64285714286,12862923.854
2011-04-14,36104.07,20531.66857142857,12899027.924
2011-04-15,28334.121,20965.737285714284,12927362.045
2011-04-16,0.0,20965.737285714284,12927362.045
2011-04-17,12725.5,21367.383,12940087.545
2011-04-18,56026.18,26177.798714285716,12996113.725
2011-04-19,24338.7,26001.85585714286,13020452.425
2011-04-20,28670.47,26599.863,13049122.895
2011-04-21,32615.63,26101.514428571427,13081738.525
2011-04-22,0.0,22053.782857142858,13081738.525
2011-04-23,0.0,22053.782857142858,13081738.525
2011-04-24,0.0,20235.854285714286,13081738.525
2011-04-25,0.0,12232.114285714286,13081738.525
2011-04-26,31047.43,13190.504285714285,13112785.955
2011-04-27,25942.44,12800.785714285714,13138728.395
2011-04-28,22501.55,11355.917142857143,13161229.945
2011-04-29,0.0,11355.917142857143,13161229.945
2011-04-30,0.0,11355.917142857143,13161229.945
2011-05-01,6973.66,12352.154285714287,13168203.605
2011-05-02,0.0,12352.154285714287,13168203.605
2011-05-03,35229.41,12949.58,13203433.015
2011-05-04,27544.15,13178.395714285714,13230977.165000001
2011-05-05,29174.29,14131.644285714287,13260151.455
2011-05-06,36126.35,19292.55142857143,13296277.805
2011-05-07,0.0,19292.55142857143,13296277.805
2011-05-08,18867.4,20991.657142857144,13315145.205
2011-05-09,27899.71,24977.329999999998,13343044.915000001
2011-05-10,47819.98,26775.98285714286,13390864.895
2011-05-11,33687.25,27653.568571428572,13424552.145
2011-05-12,61903.09,32329.11142857143,13486455.235
2011-05-13,30749.95,31561.054285714286,13517205.185
2011-05-14,0.0,31561.054285714286,13517205.185
2011-05-15,9924.28,30283.465714285714,13527129.465
2011-05-16,39651.28,31962.261428571426,13566780.745
2011-05-17,55151.99,33009.69142857143,13621932.735
2011-05-18,34483.44,33123.432857142856,13656416.175
2011-05-19,35599.35,29365.755714285715,13692015.525
2011-05-20,26718.170000000002,28789.787142857145,13718733.695
2011-05-21,0.0,28789.787142857145,13718733.695
2011-05-22,24231.09,30833.617142857143,13742964.785
2011-05-23,34685.6,30124.234285714287,13777650.385
2011-05-24,37660.04,27625.384285714284,13815310.425
2011-05-25,24408.12,26186.052857142855,13839718.545
2011-05-26,33497.03,25885.721428571425,13873215.575
2011-05-27,28442.03,26131.987142857142,13901657.605
2011-05-28,0.0,26131.987142857142,13901657.605
2011-05-29,7394.3,23726.731428571427,13909051.905
2011-05-30,0.0,18771.645714285714,13909051.905
2011-05-31,22714.06,16636.505714285715,13931765.965
2011-06-01,20595.69,16091.872857142856,13952361.655
2011-06-02,32826.14,15996.031428571428,13985187.795
2011-06-03,16913.25,14349.062857142857,14002101.045
2011-06-04,0.0,14349.062857142857,14002101.045
2011-06-05,25639.54,16955.52571428571,14027740.585
2011-06-06,17789.07,19496.821428571428,14045529.655
2011-06-07,37957.72,21674.487142857142,14083487.375
2011-06-08,43264.33,24912.864285714284,14126751.705
2011-06-09,46389.1,26850.43,14173140.805
2011-06-10,62234.44,33324.885714285716,14235375.245
2011-06-11,0.0,33324.885714285716,14235375.245
2011-06-12,12517.06,31450.245714285713,14247892.305
2011-06-13,22457.21,32117.12285714286,14270349.515
2011-06-14,40474.01,32476.592857142856,14310823.525
2011-06-15,49097.99,33309.97285714286,14359921.515
2011-06-16,34584.68,31623.627142857145,14394506.195
2011-06-17,21076.170000000002,25743.874285714286,14415582.365
2011-06-18,0.0,25743.874285714286,14415582.365
2011-06-19,22442.18,27161.74857142857,14438024.545
2011-06-20,37514.98,29312.858571428573,14475539.525
2011-06-21,24784.37,27071.481428571427,14500323.895
2011-06-22,21825.99,23175.481428571427,14522149.885
2011-06-23,25242.82,21840.93,14547392.705
2011-06-24,19521.96,21618.899999999998,14566914.665000001
2011-06-25,0.0,21618.899999999998,14566914.665000001
2011-06-26,7082.49,19424.658571428572,14573997.155
2011-06-27,17015.76,16496.198571428573,14591012.915000001
2011-06-28,35607.32,18042.334285714285,14626620.235
2011-06-29,22088.32,18079.81,14648708.555
2011-06-30,44797.31,20873.308571428573,14693505.865
2011-07-01,13675.06,20038.037142857145,14707180.925
2011-07-02,0.0,20038.037142857145,14707180.925
2011-07-03,6032.39,19888.022857142856,14713213.315
2011-07-04,44652.83,23836.175714285717,14757866.145
2011-07-05,40758.43,24572.04857142857,14798624.575
2011-07-06,26387.54,25186.222857142857,14825012.115
2011-07-07,32445.71,23421.70857142857,14857457.825
2011-07-08,27082.1,25337.0,14884539.925
2011-07-09,0.0,25337.0,14884539.925
2011-07-10,5993.87,25331.497142857144,14890533.795
2011-07-11,22605.02,22181.81,14913138.815
2011-07-12,26262.55,20110.97,14939401.365
2011-07-13,22641.94,19575.884285714284,14962043.305
2011-07-14,33602.13,19741.08714285714,14995645.435
2011-07-15,14836.43,17991.705714285716,15010481.865
2011-07-16,0.0,17991.705714285716,15010481.865
2011-07-17,17194.56,19591.804285714286,15027676.425
2011-07-18,38831.61,21909.88857142857,15066508.035
2011-07-19,50182.83,25327.071428571428,15116690.865
2011-07-20,33308.24,26850.82857142857,15149999.105
2011-07-21,32818.54,26738.88714285714,15182817.645
2011-07-22,20124.86,27494.377142857145,15202942.505
2011-07-23,0.0,27494.377142857145,15202942.505
2011-07-24,27099.46,28909.36285714286,15230041.965
2011-07-25,26887.15,27203.01142857143,15256929.115
2011-07-26,21644.261,23126.073,15278573.376
2011-07-27,25602.93,22025.31442857143,15304176.306
2011-07-28,56269.74,25375.48585714286,15360446.046
2011-07-29,18790.4,25184.848714285712,15379236.446
2011-07-30,0.0,25184.848714285712,15379236.446
2011-07-31,33490.61,26097.870142857144,15412727.056
2011-08-01,21388.92,25312.408714285713,15434115.976
2011-08-02,26580.6,26017.600000000002,15460696.576
2011-08-03,28113.14,26376.20142857143,15488809.716
2011-08-04,65502.21,27695.125714285714,15554311.926
2011-08-05,21538.58,28087.722857142857,15575850.506000001
2011-08-06,0.0,28087.722857142857,15575850.506000001
2011-08-07,7578.91,24386.051428571427,15583429.416
2011-08-08,23377.65,24670.155714285713,15606807.066
2011-08-09,27679.44,24827.132857142857,15634486.506000001
2011-08-10,28792.34,24924.161428571428,15663278.846
2011-08-11,72433.79,25914.38714285714,15735712.636
2011-08-12,32231.35,27441.925714285713,15767943.986
2011-08-13,0.0,27441.925714285713,15767943.986
2011-08-14,5718.57,27176.162857142856,15773662.556
2011-08-15,17243.97,26299.922857142858,15790906.526
2011-08-16,19239.66,25094.239999999998,15810146.186
2011-08-17,53499.96,28623.899999999998,15863646.146
2011-08-18,54106.93,26005.777142857143,15917753.076
2011-08-19,17349.59,23879.81142857143,15935102.666
2011-08-20,0.0,23879.81142857143,15935102.666
2011-08-21,14576.86,25145.28142857143,15949679.526
2011-08-22,29651.46,26917.78,15979330.986
2011-08-23,25993.68,27882.640000000003,16005324.666
2011-08-24,49035.36,27244.84,16054360.026
2011-08-25,23827.46,22919.20142857143,16078187.486
2011-08-26,25626.44,24101.608571428573,16103813.926
2011-08-27,0.0,24101.608571428573,16103813.926
2011-08-28,10805.03,23562.77571428571,16114618.956
2011-08-29,0.0,19326.852857142858,16114618.956
2011-08-30,31866.31,20165.8,16146485.266
2011-08-31,25380.17,16786.487142857142,16171865.436
2011-09-01,37370.15,18721.157142857144,16209235.586
2011-09-02,42322.02,21106.239999999998,16251557.606
2011-09-03,0.0,21106.239999999998,16251557.606
2011-09-04,17119.59,22008.32,16268677.196
2011-09-05,37157.14,27316.48285714286,16305834.336
2011-09-06,28349.91,26814.139999999996,16334184.246
2011-09-07,34413.53,28104.62,16368597.776
2011-09-08,27195.8,26651.141428571427,16395793.576
2011-09-09,30075.62,24901.655714285713,16425869.196
2011-09-10,0.0,24901.655714285713,16425869.196
2011-09-11,35511.67,27529.09571428571,16461380.866
2011-09-12,29738.33,26469.265714285713,16491119.196
2011-09-13,55117.05,30293.14285714286,16546236.246
2011-09-14,23592.98,28747.350000000002,16569829.226
2011-09-15,78218.95,36036.37142857143,16648048.176
2011-09-16,27724.22,35700.45714285714,16675772.396
2011-09-17,0.0,35700.45714285714,16675772.396
2011-09-18,15745.73,32876.75142857143,16691518.126
2011-09-19,49269.88,35666.97285714286,16740788.006000001
2011-09-20,109612.03,43451.969999999994,16850400.036
2011-09-21,48560.68,47018.78428571428,16898960.716000002
2011-09-22,59354.79,44323.904285714285,16958315.506
2011-09-23,40601.75,46163.55142857142,16998917.256
2011-09-24,0.0,46163.55142857142,16998917.256
2011-09-25,31372.661,48395.970142857135,17030289.917
2011-09-26,29335.171,45548.15457142857,17059625.088
2011-09-27,36322.95,35078.286,17095948.038
2011-09-28,43749.06,34390.911714285714,17139697.098
2011-09-29,46401.45,32540.43457142857,17186098.548
2011-09-30,44357.06,33076.90742857142,17230455.608
2011-10-01,0.0,33076.90742857142,17230455.608
2011-10-02,11634.53,30257.174428571427,17242090.138
2011-10-03,66376.82,35548.83857142857,17308466.958
2011-10-04,48810.65,37332.79571428571,17357277.608
2011-10-05,75593.63,41882.020000000004,17432871.238
2011-10-06,62891.19,44237.69714285714,17495762.428
2011-10-07,53790.7,45585.36,17549553.128
2011-10-08,0.0,45585.36,17549553.128
2011-10-09,12524.4,45712.48428571429,17562077.528
2011-10-10,48239.18,43121.392857142855,17610316.708
2011-10-11,52572.94,43658.862857142856,17662889.648000002
2011-10-12,32159.28,37453.955714285716,17695048.928
2011-10-13,37446.18,33818.95428571429,17732495.108
2011-10-14,36347.64,31327.088571428572,17768842.748
2011-10-15,0.0,31327.088571428572,17768842.748
2011-10-16,22010.96,32682.31142857143,17790853.708
2011-10-17,52062.2,33228.45714285714,17842915.908
2011-10-18,45332.16,32194.059999999998,17888248.068
2011-10-19,42573.36,33681.78571428572,17930821.428
2011-10-20,61122.9,37064.17428571429,17991944.328
2011-10-21,63226.64,40904.03142857143,18055170.968
2011-10-22,0.0,40904.03142857143,18055170.968
2011-10-23,12339.16,39522.345714285715,18067510.128
2011-10-24,48752.91,39049.590000000004,18116263.038
2011-10-25,41314.64,38475.65857142857,18157577.678
2011-10-26,38059.43,37830.811428571425,18195637.108
2011-10-27,57291.72,37283.5,18252928.828
2011-10-28,40565.7,34046.22285714286,18293494.528
2011-10-29,0.0,34046.22285714286,18293494.528
2011-10-30,34571.23,37222.23285714286,18328065.758
2011-10-31,57369.15,38453.124285714286,18385434.908
2011-11-01,29155.15,36716.05428571429,18414590.058
2011-11-02,45888.340000000004,37834.47000000001,18460478.398000002
2011-11-03,63561.49,38730.15142857143,18524039.888
2011-11-04,62977.36,41931.817142857144,18587017.248
2011-11-05,0.0,41931.817142857144,18587017.248
2011-11-06,42946.340000000004,43128.26142857143,18629963.588
2011-11-07,85881.81,47201.49857142857,18715845.398000002
2011-11-08,57700.24,51279.368571428575,18773545.638
2011-11-09,66127.57,54170.68714285714,18839673.208
2011-11-10,71008.26,55234.51142857143,18910681.468
2011-11-11,55257.17,54131.62714285714,18965938.638
2011-11-12,0.0,54131.62714285714,18965938.638
2011-11-13,34069.92,52863.56714285714,19000008.558
2011-11-14,114419.89,56940.43571428571,19114428.448
2011-11-15,60807.29,57384.299999999996,19175235.738
2011-11-16,65958.17,57360.1,19241193.908
2011-11-17,61103.13,55945.08142857143,19302297.038
2011-11-18,51275.39,55376.25571428571,19353572.428
2011-11-19,0.0,55376.25571428571,19353572.428
2011-11-20,35058.57,55517.491428571426,19388630.998
2011-11-21,49805.72,46286.89571428572,19438436.718
2011-11-22,64089.82,46755.82857142857,19502526.538
2011-11-23,80104.18,48776.68714285714,19582630.718
2011-11-24,50978.63,47330.33,19633609.348
2011-11-25,50822.73,47265.66428571429,19684432.078
2011-11-26,0.0,47265.66428571429,19684432.078
2011-11-27,20611.08,45201.73714285714,19705043.158
2011-11-28,57165.19,46253.090000000004,19762208.348
2011-11-29,72595.93,47468.24857142857,19834804.278
2011-11-30,60126.96,44614.36,19894931.238
2011-12-01,52197.25,44788.44857142858,19947128.488
2011-12-02,57664.07,45765.782857142854,20004792.558
2011-12-03,0.0,45765.782857142854,20004792.558
2011-12-04,24621.43,46338.69,20029413.988
2011-12-05,88741.96,50849.65714285714,20118155.948
2011-12-06,56713.21,48580.69714285714,20174869.158
2011-12-07,75439.16,50768.154285714285,20250308.318
2011-12-08,82495.0,55096.404285714285,20332803.318
2011-12-09,200938.6,75564.19428571429,20533741.918
