month,gross_sales,previous_year_sales,yoy_growth
2010-12,823746.14,825685.76,-0.0023491019149948222
2011-01,691364.56,652708.502,0.059224076109859025
2011-02,523631.89,553339.736,-0.05368825708190239
2011-03,717639.36,833570.131,-0.13907740535391144
2011-04,537808.621,681528.992,-0.21087932089028416
2011-05,770536.02,659858.86,0.1677285351597766
2011-06,761739.9,752270.14,0.012588243898661311
2011-07,719221.191,650712.9400000001,0.10528183287702864
2011-08,759138.38,697274.91,0.08872177832986994
2011-09,1058590.172,924333.011,0.14524761033337152
2011-10,1154979.3,1165483.91,-0.009013088820762793
2011-11,1509496.33,1470272.482,0.02667794472126972
