date,weekday,recorded_lines,gross_sales
2009-12-12,5,0,0
2009-12-19,5,0,0
2009-12-24,3,0,0
2009-12-25,4,0,0
2009-12-26,5,0,0
2009-12-27,6,0,0
2009-12-28,0,0,0
2009-12-29,1,0,0
2009-12-30,2,0,0
2009-12-31,3,0,0
2010-01-01,4,0,0
2010-01-02,5,0,0
2010-01-03,6,0,0
2010-01-09,5,0,0
2010-01-16,5,0,0
2010-01-23,5,0,0
2010-01-30,5,0,0
2010-02-06,5,0,0
2010-02-13,5,0,0
2010-02-20,5,0,0
2010-02-27,5,0,0
2010-03-06,5,0,0
2010-03-13,5,0,0
2010-03-20,5,0,0
2010-03-27,5,0,0
2010-04-02,4,0,0
2010-04-03,5,0,0
2010-04-04,6,0,0
2010-04-05,0,0,0
2010-04-10,5,0,0
2010-04-17,5,0,0
2010-04-24,5,0,0
2010-05-01,5,0,0
2010-05-03,0,0,0
2010-05-08,5,0,0
2010-05-15,5,0,0
2010-05-22,5,0,0
2010-05-29,5,0,0
2010-05-31,0,0,0
2010-06-05,5,0,0
2010-06-12,5,0,0
2010-06-19,5,0,0
2010-06-26,5,0,0
2010-07-03,5,0,0
2010-07-10,5,0,0
2010-07-17,5,0,0
2010-07-24,5,0,0
2010-07-31,5,0,0
2010-08-07,5,0,0
2010-08-14,5,0,0
2010-08-21,5,0,0
2010-08-28,5,0,0
2010-08-30,0,0,0
2010-09-04,5,0,0
2010-09-11,5,0,0
2010-09-18,5,0,0
2010-09-25,5,0,0
2010-10-02,5,0,0
2010-10-09,5,0,0
2010-10-16,5,0,0
2010-10-23,5,0,0
2010-10-30,5,0,0
2010-11-06,5,0,0
2010-11-13,5,0,0
2010-11-20,5,0,0
2010-11-27,5,0,0
2010-12-04,5,0,0
2010-12-11,5,0,0
2010-12-18,5,0,0
2010-12-24,4,0,0
2010-12-25,5,0,0
2010-12-26,6,0,0
2010-12-27,0,0,0
2010-12-28,1,0,0
2010-12-29,2,0,0
2010-12-30,3,0,0
2010-12-31,4,0,0
2011-01-01,5,0,0
2011-01-02,6,0,0
2011-01-03,0,0,0
2011-01-08,5,0,0
2011-01-15,5,0,0
2011-01-22,5,0,0
2011-01-29,5,0,0
2011-02-05,5,0,0
2011-02-12,5,0,0
2011-02-19,5,0,0
2011-02-26,5,0,0
2011-03-05,5,0,0
2011-03-12,5,0,0
2011-03-19,5,0,0
2011-03-26,5,0,0
2011-04-02,5,0,0
2011-04-09,5,0,0
2011-04-16,5,0,0
2011-04-22,4,0,0
2011-04-23,5,0,0
2011-04-24,6,0,0
2011-04-25,0,0,0
2011-04-29,4,0,0
2011-04-30,5,0,0
2011-05-02,0,0,0
2011-05-07,5,0,0
2011-05-14,5,0,0
2011-05-21,5,0,0
2011-05-28,5,0,0
2011-05-30,0,0,0
2011-06-04,5,0,0
2011-06-11,5,0,0
2011-06-18,5,0,0
2011-06-25,5,0,0
2011-07-02,5,0,0
2011-07-09,5,0,0
2011-07-16,5,0,0
2011-07-23,5,0,0
2011-07-30,5,0,0
2011-08-06,5,0,0
2011-08-13,5,0,0
2011-08-20,5,0,0
2011-08-27,5,0,0
2011-08-29,0,0,0
2011-09-03,5,0,0
2011-09-10,5,0,0
2011-09-17,5,0,0
2011-09-24,5,0,0
2011-10-01,5,0,0
2011-10-08,5,0,0
2011-10-15,5,0,0
2011-10-22,5,0,0
2011-10-29,5,0,0
2011-11-05,5,0,0
2011-11-12,5,0,0
2011-11-19,5,0,0
2011-11-26,5,0,0
2011-12-03,5,0,0
