index,weekday,month,day_of_year_sin,day_of_year_cos,lag_1,lag_7,lag_14,lag_28,rolling_7,rolling_28,rolling_std_7,lag_orders_1,trend_7_28
weekday,1.0,-0.015337111968172362,0.005797581456293799,-0.0024074416111388866,-0.2208690372005191,-0.4375247753898706,-0.43838933998182333,-0.44252685060219205,0.004734571366938862,-0.0023449261775584374,0.003643721847908598,-0.2972954463816271,0.00927231735522938
month,-0.015337111968172362,1.0,-0.7691715834384729,-0.18315027137870854,0.259848282134086,0.34820763252446146,0.4045646292621234,0.3118102747525136,0.5477528211623272,0.7884392407176717,0.4266598978056613,0.3101395981118815,-0.13926465186232875
day_of_year_sin,0.005797581456293799,-0.7691715834384729,1.0,0.09465521213459376,-0.2454155505805419,-0.24222986116775988,-0.23055005702706627,-0.1943222605984725,-0.44039008388591017,-0.5180440241556437,-0.3574663559194195,-0.24933079544139383,-0.008118870118095157
day_of_year_cos,-0.0024074416111388866,-0.18315027137870854,0.09465521213459376,1.0,0.04329776311438636,0.05310521932388137,0.08408675417123108,0.16139637467395473,0.08399438553433512,0.2081081770514334,0.15168509809075337,-0.05125941137150503,-0.042155756265553505
lag_1,-0.2208690372005191,0.259848282134086,-0.2454155505805419,0.04329776311438636,1.0,0.3362057161674078,0.19433991129684505,0.17353893662141717,0.5268882953360706,0.35629161499155937,0.4703688803588742,0.840081784188908,0.2997688359600179
lag_7,-0.4375247753898706,0.34820763252446146,-0.24222986116775988,0.05310521932388137,0.3362057161674078,1.0,0.6103218525382593,0.46991038996293966,0.5358436857805243,0.4340816465183644,0.4570619359371599,0.38716954051025126,0.25682356980820575
lag_14,-0.43838933998182333,0.4045646292621234,-0.23055005702706627,0.08408675417123108,0.19433991129684505,0.6103218525382593,1.0,0.4895066202695771,0.2903917134680851,0.48195514099129727,0.2228276388359373,0.3063136083763481,-0.14485856644086464
lag_28,-0.44252685060219205,0.3118102747525136,-0.1943222605984725,0.16139637467395473,0.17353893662141717,0.46991038996293966,0.4895066202695771,1.0,0.12042838180947697,0.35287534727529335,0.10325497801129825,0.18603908419250265,-0.22215379996528667
rolling_7,0.004734571366938862,0.5477528211623272,-0.44039008388591017,0.08399438553433512,0.5268882953360706,0.5358436857805243,0.2903917134680851,0.12042838180947697,1.0,0.7236501774175415,0.8632964177784145,0.5164209331499554,0.5539351951123719
rolling_28,-0.0023449261775584374,0.7884392407176717,-0.5180440241556437,0.2081081770514334,0.35629161499155937,0.4340816465183644,0.48195514099129727,0.35287534727529335,0.7236501774175415,1.0,0.5697489210629408,0.3937440387611308,-0.13775742058540558
rolling_std_7,0.003643721847908598,0.4266598978056613,-0.3574663559194195,0.15168509809075337,0.4703688803588742,0.4570619359371599,0.2228276388359373,0.10325497801129825,0.8632964177784145,0.5697489210629408,1.0,0.3781628184239586,0.5559720381596903
lag_orders_1,-0.2972954463816271,0.3101395981118815,-0.24933079544139383,-0.05125941137150503,0.840081784188908,0.38716954051025126,0.3063136083763481,0.18603908419250265,0.5164209331499554,0.3937440387611308,0.3781628184239586,1.0,0.2314346780021829
trend_7_28,0.00927231735522938,-0.13926465186232875,-0.008118870118095157,-0.042155756265553505,0.2997688359600179,0.25682356980820575,-0.14485856644086464,-0.22215379996528667,0.5539351951123719,-0.13775742058540558,0.5559720381596903,0.2314346780021829,1.0
