Invoice,StockCode,Description,Quantity,InvoiceDate,Price,Customer ID,Country,source_sheet,source_row,line_id
489517,21913,VINTAGE SEASIDE JIGSAW PUZZLES,1,2009-12-01 11:34:00,3.75,16329,United Kingdom,Year 2009-2010,364,Year 2009-2010:364
489517,21912,VINTAGE SNAKES & LADDERS,1,2009-12-01 11:34:00,3.75,16329,United Kingdom,Year 2009-2010,365,Year 2009-2010:365
489517,21821,GLITTER STAR GARLAND WITH BELLS ,1,2009-12-01 11:34:00,3.75,16329,United Kingdom,Year 2009-2010,367,Year 2009-2010:367
489517,22319,HAIRCLIPS FORTIES FABRIC ASSORTED,12,2009-12-01 11:34:00,0.65,16329,United Kingdom,Year 2009-2010,369,Year 2009-2010:369
489517,22130,PARTY CONE CHRISTMAS DECORATION ,6,2009-12-01 11:34:00,0.85,16329,United Kingdom,Year 2009-2010,370,Year 2009-2010:370
489517,21912,VINTAGE SNAKES & LADDERS,1,2009-12-01 11:34:00,3.75,16329,United Kingdom,Year 2009-2010,373,Year 2009-2010:373
489517,21491,SET OF THREE VINTAGE GIFT WRAPS,1,2009-12-01 11:34:00,1.95,16329,United Kingdom,Year 2009-2010,381,Year 2009-2010:381
489517,22130,PARTY CONE CHRISTMAS DECORATION ,6,2009-12-01 11:34:00,0.85,16329,United Kingdom,Year 2009-2010,385,Year 2009-2010:385
489517,22319,HAIRCLIPS FORTIES FABRIC ASSORTED,12,2009-12-01 11:34:00,0.65,16329,United Kingdom,Year 2009-2010,386,Year 2009-2010:386
489517,21913,VINTAGE SEASIDE JIGSAW PUZZLES,1,2009-12-01 11:34:00,3.75,16329,United Kingdom,Year 2009-2010,387,Year 2009-2010:387
489517,21821,GLITTER STAR GARLAND WITH BELLS ,1,2009-12-01 11:34:00,3.75,16329,United Kingdom,Year 2009-2010,388,Year 2009-2010:388
489517,84951A,S/4 PISTACHIO LOVEBIRD COASTERS,1,2009-12-01 11:34:00,2.55,16329,United Kingdom,Year 2009-2010,390,Year 2009-2010:390
489517,84951A,S/4 PISTACHIO LOVEBIRD COASTERS,1,2009-12-01 11:34:00,2.55,16329,United Kingdom,Year 2009-2010,392,Year 2009-2010:392
489517,21491,SET OF THREE VINTAGE GIFT WRAPS,1,2009-12-01 11:34:00,1.95,16329,United Kingdom,Year 2009-2010,393,Year 2009-2010:393
489517,21912,VINTAGE SNAKES & LADDERS,1,2009-12-01 11:34:00,3.75,16329,United Kingdom,Year 2009-2010,396,Year 2009-2010:396
489529,48129,DOOR MAT TOPIARY,1,2009-12-01 11:51:00,6.75,17984,United Kingdom,Year 2009-2010,630,Year 2009-2010:630
489529,22028,PENNY FARTHING BIRTHDAY CARD,12,2009-12-01 11:51:00,0.42,17984,United Kingdom,Year 2009-2010,636,Year 2009-2010:636
489529,22036,DINOSAUR BIRTHDAY CARD,12,2009-12-01 11:51:00,0.42,17984,United Kingdom,Year 2009-2010,658,Year 2009-2010:658
489529,22028,PENNY FARTHING BIRTHDAY CARD,12,2009-12-01 11:51:00,0.42,17984,United Kingdom,Year 2009-2010,659,Year 2009-2010:659
489529,22036,DINOSAUR BIRTHDAY CARD,12,2009-12-01 11:51:00,0.42,17984,United Kingdom,Year 2009-2010,660,Year 2009-2010:660
489529,48129,DOOR MAT TOPIARY,1,2009-12-01 11:51:00,6.75,17984,United Kingdom,Year 2009-2010,671,Year 2009-2010:671
489533,84946,ANTIQUE SILVER TEA GLASS ETCHED,6,2009-12-01 12:02:00,1.25,16011,United Kingdom,Year 2009-2010,718,Year 2009-2010:718
489533,22073,RETRO SPOT STORAGE JAR,1,2009-12-01 12:02:00,3.75,16011,United Kingdom,Year 2009-2010,723,Year 2009-2010:723
489533,22073,RETRO SPOT STORAGE JAR,1,2009-12-01 12:02:00,3.75,16011,United Kingdom,Year 2009-2010,725,Year 2009-2010:725
489533,84946,ANTIQUE SILVER TEA GLASS ETCHED,6,2009-12-01 12:02:00,1.25,16011,United Kingdom,Year 2009-2010,727,Year 2009-2010:727
489536,21809,CHRISTMAS HANGING TREE WITH BELL,1,2009-12-01 12:13:00,1.25,16393,United Kingdom,Year 2009-2010,746,Year 2009-2010:746
489536,21809,CHRISTMAS HANGING TREE WITH BELL,1,2009-12-01 12:13:00,1.25,16393,United Kingdom,Year 2009-2010,747,Year 2009-2010:747
489536,85033S,SET/6 SILVER REINDEER T-LIGHTS,1,2009-12-01 12:13:00,1.95,16393,United Kingdom,Year 2009-2010,756,Year 2009-2010:756
489536,22185,SLATE TILE NATURAL HANGING,2,2009-12-01 12:13:00,1.65,16393,United Kingdom,Year 2009-2010,758,Year 2009-2010:758
489536,21786,RAIN HAT WITH RED SPOTS,1,2009-12-01 12:13:00,0.42,16393,United Kingdom,Year 2009-2010,759,Year 2009-2010:759
489536,21791,VINTAGE HEADS AND TAILS CARD GAME ,2,2009-12-01 12:13:00,1.25,16393,United Kingdom,Year 2009-2010,768,Year 2009-2010:768
489536,21034,REX CASH+CARRY JUMBO SHOPPER,1,2009-12-01 12:13:00,0.95,16393,United Kingdom,Year 2009-2010,774,Year 2009-2010:774
489536,22107,PIZZA PLATE IN BOX,1,2009-12-01 12:13:00,3.75,16393,United Kingdom,Year 2009-2010,778,Year 2009-2010:778
489536,17164D,ASS COL SMALL SAND FROG P'WEIGHT,1,2009-12-01 12:13:00,0.42,16393,United Kingdom,Year 2009-2010,786,Year 2009-2010:786
489536,22353,LUNCHBOX WITH CUTLERY FAIRY CAKES ,1,2009-12-01 12:13:00,2.55,16393,United Kingdom,Year 2009-2010,789,Year 2009-2010:789
489536,22142,CHRISTMAS CRAFT WHITE FAIRY ,1,2009-12-01 12:13:00,1.45,16393,United Kingdom,Year 2009-2010,799,Year 2009-2010:799
489536,22142,CHRISTMAS CRAFT WHITE FAIRY ,1,2009-12-01 12:13:00,1.45,16393,United Kingdom,Year 2009-2010,801,Year 2009-2010:801
489536,17164D,ASS COL SMALL SAND FROG P'WEIGHT,1,2009-12-01 12:13:00,0.42,16393,United Kingdom,Year 2009-2010,810,Year 2009-2010:810
489536,22353,LUNCHBOX WITH CUTLERY FAIRY CAKES ,1,2009-12-01 12:13:00,2.55,16393,United Kingdom,Year 2009-2010,811,Year 2009-2010:811
489536,21791,VINTAGE HEADS AND TAILS CARD GAME ,2,2009-12-01 12:13:00,1.25,16393,United Kingdom,Year 2009-2010,812,Year 2009-2010:812
489536,21650,ASSORTED TUTTI FRUTTI BRACELET,1,2009-12-01 12:13:00,0.65,16393,United Kingdom,Year 2009-2010,818,Year 2009-2010:818
489536,22142,CHRISTMAS CRAFT WHITE FAIRY ,1,2009-12-01 12:13:00,1.45,16393,United Kingdom,Year 2009-2010,819,Year 2009-2010:819
489536,21650,ASSORTED TUTTI FRUTTI BRACELET,1,2009-12-01 12:13:00,0.65,16393,United Kingdom,Year 2009-2010,822,Year 2009-2010:822
489536,21231,SWEETHEART CERAMIC TRINKET BOX,1,2009-12-01 12:13:00,1.25,16393,United Kingdom,Year 2009-2010,828,Year 2009-2010:828
489536,21579,LOLITA  DESIGN  COTTON TOTE BAG,1,2009-12-01 12:13:00,2.25,16393,United Kingdom,Year 2009-2010,832,Year 2009-2010:832
489536,21231,SWEETHEART CERAMIC TRINKET BOX,1,2009-12-01 12:13:00,1.25,16393,United Kingdom,Year 2009-2010,842,Year 2009-2010:842
489536,85033S,SET/6 SILVER REINDEER T-LIGHTS,1,2009-12-01 12:13:00,1.95,16393,United Kingdom,Year 2009-2010,851,Year 2009-2010:851
489536,22185,SLATE TILE NATURAL HANGING,2,2009-12-01 12:13:00,1.65,16393,United Kingdom,Year 2009-2010,852,Year 2009-2010:852
489536,21579,LOLITA  DESIGN  COTTON TOTE BAG,1,2009-12-01 12:13:00,2.25,16393,United Kingdom,Year 2009-2010,854,Year 2009-2010:854
489536,21579,LOLITA  DESIGN  COTTON TOTE BAG,1,2009-12-01 12:13:00,2.25,16393,United Kingdom,Year 2009-2010,857,Year 2009-2010:857
489536,21034,REX CASH+CARRY JUMBO SHOPPER,1,2009-12-01 12:13:00,0.95,16393,United Kingdom,Year 2009-2010,858,Year 2009-2010:858
489536,22107,PIZZA PLATE IN BOX,1,2009-12-01 12:13:00,3.75,16393,United Kingdom,Year 2009-2010,865,Year 2009-2010:865
489536,21786,RAIN HAT WITH RED SPOTS,1,2009-12-01 12:13:00,0.42,16393,United Kingdom,Year 2009-2010,867,Year 2009-2010:867
489548,22271,FELTCRAFT DOLL ROSIE,1,2009-12-01 12:32:00,2.95,,United Kingdom,Year 2009-2010,1057,Year 2009-2010:1057
489548,22196,SMALL HEART MEASURING SPOONS,1,2009-12-01 12:32:00,0.85,,United Kingdom,Year 2009-2010,1074,Year 2009-2010:1074
489548,22196,SMALL HEART MEASURING SPOONS,1,2009-12-01 12:32:00,0.85,,United Kingdom,Year 2009-2010,1075,Year 2009-2010:1075
489548,85053,FRENCH ENAMEL CANDLEHOLDER,1,2009-12-01 12:32:00,2.1,,United Kingdom,Year 2009-2010,1079,Year 2009-2010:1079
489548,85053,FRENCH ENAMEL CANDLEHOLDER,1,2009-12-01 12:32:00,2.1,,United Kingdom,Year 2009-2010,1084,Year 2009-2010:1084
489548,22276,WASH BAG VINTAGE ROSE PAISLEY,1,2009-12-01 12:32:00,2.55,,United Kingdom,Year 2009-2010,1091,Year 2009-2010:1091
489548,22276,WASH BAG VINTAGE ROSE PAISLEY,1,2009-12-01 12:32:00,2.55,,United Kingdom,Year 2009-2010,1092,Year 2009-2010:1092
489548,22271,FELTCRAFT DOLL ROSIE,1,2009-12-01 12:32:00,2.95,,United Kingdom,Year 2009-2010,1110,Year 2009-2010:1110
489556,20977,36 PENCILS TUBE WOODLAND,2,2009-12-01 12:47:00,1.25,15719,United Kingdom,Year 2009-2010,1174,Year 2009-2010:1174
489556,20977,36 PENCILS TUBE WOODLAND,2,2009-12-01 12:47:00,1.25,15719,United Kingdom,Year 2009-2010,1175,Year 2009-2010:1175
489574,20804,GLASS CHICKEN BUTTER DISH,4,2009-12-01 13:31:00,1.65,13097,United Kingdom,Year 2009-2010,1623,Year 2009-2010:1623
489574,20804,GLASS CHICKEN BUTTER DISH,4,2009-12-01 13:31:00,1.65,13097,United Kingdom,Year 2009-2010,1625,Year 2009-2010:1625
489593,21257,VICTORIAN SEWING BOX MEDIUM,2,2009-12-01 14:19:00,7.95,12836,United Kingdom,Year 2009-2010,1809,Year 2009-2010:1809
489593,21257,VICTORIAN SEWING BOX MEDIUM,2,2009-12-01 14:19:00,7.95,12836,United Kingdom,Year 2009-2010,1824,Year 2009-2010:1824
489594,22062,CERAMIC BOWL WITH LOVE HEART DESIGN,1,2009-12-01 14:19:00,2.95,15005,United Kingdom,Year 2009-2010,1844,Year 2009-2010:1844
489594,22062,CERAMIC BOWL WITH LOVE HEART DESIGN,1,2009-12-01 14:19:00,2.95,15005,United Kingdom,Year 2009-2010,1856,Year 2009-2010:1856
489644,85099C,JUMBO  BAG BAROQUE BLACK WHITE,20,2009-12-01 16:30:00,1.95,15808,United Kingdom,Year 2009-2010,3010,Year 2009-2010:3010
489644,85099C,JUMBO  BAG BAROQUE BLACK WHITE,20,2009-12-01 16:30:00,1.95,15808,United Kingdom,Year 2009-2010,3011,Year 2009-2010:3011
489765,21259,VICTORIAN SEWING BOX SMALL ,1,2009-12-02 11:33:00,5.95,15353,United Kingdom,Year 2009-2010,3646,Year 2009-2010:3646
489765,84854,GIRLY PINK TOOL SET,1,2009-12-02 11:33:00,4.95,15353,United Kingdom,Year 2009-2010,3647,Year 2009-2010:3647
489765,22271,FELTCRAFT DOLL ROSIE,1,2009-12-02 11:33:00,2.95,15353,United Kingdom,Year 2009-2010,3648,Year 2009-2010:3648
489765,84854,GIRLY PINK TOOL SET,1,2009-12-02 11:33:00,4.95,15353,United Kingdom,Year 2009-2010,3657,Year 2009-2010:3657
489765,22271,FELTCRAFT DOLL ROSIE,1,2009-12-02 11:33:00,2.95,15353,United Kingdom,Year 2009-2010,3673,Year 2009-2010:3673
489765,21259,VICTORIAN SEWING BOX SMALL ,1,2009-12-02 11:33:00,5.95,15353,United Kingdom,Year 2009-2010,3675,Year 2009-2010:3675
489766,21975,PACK OF 60 DINOSAUR CAKE CASES,1,2009-12-02 11:34:00,0.55,17818,United Kingdom,Year 2009-2010,3681,Year 2009-2010:3681
489766,84989A,75 GREEN FAIRY CAKE CASES,1,2009-12-02 11:34:00,0.55,17818,United Kingdom,Year 2009-2010,3682,Year 2009-2010:3682
489766,84992,72 SWEETHEART FAIRY CAKE CASES,1,2009-12-02 11:34:00,0.55,17818,United Kingdom,Year 2009-2010,3683,Year 2009-2010:3683
489766,21975,PACK OF 60 DINOSAUR CAKE CASES,1,2009-12-02 11:34:00,0.55,17818,United Kingdom,Year 2009-2010,3699,Year 2009-2010:3699
489766,84989A,75 GREEN FAIRY CAKE CASES,1,2009-12-02 11:34:00,0.55,17818,United Kingdom,Year 2009-2010,3700,Year 2009-2010:3700
489766,84992,72 SWEETHEART FAIRY CAKE CASES,1,2009-12-02 11:34:00,0.55,17818,United Kingdom,Year 2009-2010,3701,Year 2009-2010:3701
489766,20761,BLUE PAISLEY SKETCHBOOK,1,2009-12-02 11:34:00,3.75,17818,United Kingdom,Year 2009-2010,3713,Year 2009-2010:3713
489766,20761,BLUE PAISLEY SKETCHBOOK,1,2009-12-02 11:34:00,3.75,17818,United Kingdom,Year 2009-2010,3717,Year 2009-2010:3717
489782,20751,FUNKY WASHING UP GLOVES ASSORTED,1,2009-12-02 11:45:00,2.1,17189,United Kingdom,Year 2009-2010,3750,Year 2009-2010:3750
489782,20751,FUNKY WASHING UP GLOVES ASSORTED,1,2009-12-02 11:45:00,2.1,17189,United Kingdom,Year 2009-2010,3754,Year 2009-2010:3754
489785,21981,PACK OF 12 WOODLAND TISSUES ,2,2009-12-02 11:51:00,0.29,14653,United Kingdom,Year 2009-2010,3768,Year 2009-2010:3768
489785,21981,PACK OF 12 WOODLAND TISSUES ,2,2009-12-02 11:51:00,0.29,14653,United Kingdom,Year 2009-2010,3773,Year 2009-2010:3773
489786,21898,POTTING SHED ROSE CANDLE,1,2009-12-02 11:52:00,2.95,17019,United Kingdom,Year 2009-2010,3787,Year 2009-2010:3787
489786,22315,200 RED + WHITE BENDY STRAWS,1,2009-12-02 11:52:00,1.25,17019,United Kingdom,Year 2009-2010,3789,Year 2009-2010:3789
489786,22315,200 RED + WHITE BENDY STRAWS,1,2009-12-02 11:52:00,1.25,17019,United Kingdom,Year 2009-2010,3822,Year 2009-2010:3822
489786,21898,POTTING SHED ROSE CANDLE,1,2009-12-02 11:52:00,2.95,17019,United Kingdom,Year 2009-2010,3827,Year 2009-2010:3827
489787,21985,PACK OF 12 HEARTS DESIGN TISSUES ,1,2009-12-02 11:53:00,0.29,15542,United Kingdom,Year 2009-2010,3832,Year 2009-2010:3832
489787,21533,RETRO SPOT LARGE MILK JUG,1,2009-12-02 11:53:00,4.95,15542,United Kingdom,Year 2009-2010,3834,Year 2009-2010:3834
489787,21533,RETRO SPOT LARGE MILK JUG,1,2009-12-02 11:53:00,4.95,15542,United Kingdom,Year 2009-2010,3836,Year 2009-2010:3836
489787,21981,PACK OF 12 WOODLAND TISSUES ,2,2009-12-02 11:53:00,0.29,15542,United Kingdom,Year 2009-2010,3849,Year 2009-2010:3849
489787,21981,PACK OF 12 WOODLAND TISSUES ,2,2009-12-02 11:53:00,0.29,15542,United Kingdom,Year 2009-2010,3851,Year 2009-2010:3851
489787,21985,PACK OF 12 HEARTS DESIGN TISSUES ,2,2009-12-02 11:53:00,0.29,15542,United Kingdom,Year 2009-2010,3852,Year 2009-2010:3852
489787,21985,PACK OF 12 HEARTS DESIGN TISSUES ,1,2009-12-02 11:53:00,0.29,15542,United Kingdom,Year 2009-2010,3854,Year 2009-2010:3854
489787,70006,LOVE HEART POCKET WARMER,1,2009-12-02 11:53:00,1.65,15542,United Kingdom,Year 2009-2010,3859,Year 2009-2010:3859
489787,22109,FULL ENGLISH BREAKFAST PLATE,1,2009-12-02 11:53:00,3.75,15542,United Kingdom,Year 2009-2010,3863,Year 2009-2010:3863
489787,22109,FULL ENGLISH BREAKFAST PLATE,1,2009-12-02 11:53:00,3.75,15542,United Kingdom,Year 2009-2010,3864,Year 2009-2010:3864
489787,20728,LUNCH BAG CARS BLUE,1,2009-12-02 11:53:00,1.65,15542,United Kingdom,Year 2009-2010,3865,Year 2009-2010:3865
489787,37474,SET/4 2 TONE EGG SHAPE MIXING BOWLS,1,2009-12-02 11:53:00,9.95,15542,United Kingdom,Year 2009-2010,3873,Year 2009-2010:3873
489787,21985,PACK OF 12 HEARTS DESIGN TISSUES ,2,2009-12-02 11:53:00,0.29,15542,United Kingdom,Year 2009-2010,3876,Year 2009-2010:3876
489787,21933,PINK VINTAGE PAISLEY PICNIC BAG,1,2009-12-02 11:53:00,2.95,15542,United Kingdom,Year 2009-2010,3878,Year 2009-2010:3878
489787,37474,SET/4 2 TONE EGG SHAPE MIXING BOWLS,1,2009-12-02 11:53:00,9.95,15542,United Kingdom,Year 2009-2010,3890,Year 2009-2010:3890
489787,20728,LUNCH BAG CARS BLUE,1,2009-12-02 11:53:00,1.65,15542,United Kingdom,Year 2009-2010,3894,Year 2009-2010:3894
489787,21933,PINK VINTAGE PAISLEY PICNIC BAG,1,2009-12-02 11:53:00,2.95,15542,United Kingdom,Year 2009-2010,3895,Year 2009-2010:3895
489787,70006,LOVE HEART POCKET WARMER,1,2009-12-02 11:53:00,1.65,15542,United Kingdom,Year 2009-2010,3903,Year 2009-2010:3903
489791,20621,ECONOMY PASSPORT COVER ,1,2009-12-02 12:06:00,2.1,15542,United Kingdom,Year 2009-2010,3939,Year 2009-2010:3939
489791,21591,COSY HOUR CIGAR BOX MATCHES ,1,2009-12-02 12:06:00,1.25,15542,United Kingdom,Year 2009-2010,3942,Year 2009-2010:3942
489791,21591,COSY HOUR CIGAR BOX MATCHES ,1,2009-12-02 12:06:00,1.25,15542,United Kingdom,Year 2009-2010,3946,Year 2009-2010:3946
489791,20621,ECONOMY PASSPORT COVER ,1,2009-12-02 12:06:00,2.1,15542,United Kingdom,Year 2009-2010,3950,Year 2009-2010:3950
489791,84466,TOP SECRET PEN SET,1,2009-12-02 12:06:00,1.25,15542,United Kingdom,Year 2009-2010,3982,Year 2009-2010:3982
489791,84466,TOP SECRET PEN SET,1,2009-12-02 12:06:00,1.25,15542,United Kingdom,Year 2009-2010,3990,Year 2009-2010:3990
489797,20765,CHRYSANTHEMUM SKETCHBOOK ,1,2009-12-02 12:19:00,3.75,15581,United Kingdom,Year 2009-2010,4109,Year 2009-2010:4109
489797,20765,CHRYSANTHEMUM SKETCHBOOK ,1,2009-12-02 12:19:00,3.75,15581,United Kingdom,Year 2009-2010,4120,Year 2009-2010:4120
489798,22073,RETRO SPOT STORAGE JAR,4,2009-12-02 12:22:00,3.75,13740,United Kingdom,Year 2009-2010,4140,Year 2009-2010:4140
489798,22073,RETRO SPOT STORAGE JAR,4,2009-12-02 12:22:00,3.75,13740,United Kingdom,Year 2009-2010,4147,Year 2009-2010:4147
489800,21700,BIG DOUGHNUT FRIDGE MAGNETS,30,2009-12-02 12:26:00,0.85,17768,United Kingdom,Year 2009-2010,4166,Year 2009-2010:4166
489800,21700,BIG DOUGHNUT FRIDGE MAGNETS,30,2009-12-02 12:26:00,0.85,17768,United Kingdom,Year 2009-2010,4175,Year 2009-2010:4175
489814,21035,SET/2 RED SPOTTY TEA TOWELS ,1,2009-12-02 13:06:00,2.95,14669,United Kingdom,Year 2009-2010,4412,Year 2009-2010:4412
489814,21035,SET/2 RED SPOTTY TEA TOWELS ,1,2009-12-02 13:06:00,2.95,14669,United Kingdom,Year 2009-2010,4413,Year 2009-2010:4413
489814,21042,RED SPOTTY APRON ,1,2009-12-02 13:06:00,5.95,14669,United Kingdom,Year 2009-2010,4414,Year 2009-2010:4414
489814,21042,RED SPOTTY APRON ,1,2009-12-02 13:06:00,5.95,14669,United Kingdom,Year 2009-2010,4463,Year 2009-2010:4463
489814,22072,TEA CUP AND SAUCER RETRO SPOT,1,2009-12-02 13:06:00,3.75,14669,United Kingdom,Year 2009-2010,4471,Year 2009-2010:4471
489814,22072,TEA CUP AND SAUCER RETRO SPOT,1,2009-12-02 13:06:00,3.75,14669,United Kingdom,Year 2009-2010,4477,Year 2009-2010:4477
489815,21821,GLITTER STAR GARLAND WITH BELLS ,6,2009-12-02 13:10:00,3.75,17909,United Kingdom,Year 2009-2010,4502,Year 2009-2010:4502
489815,21821,GLITTER STAR GARLAND WITH BELLS ,6,2009-12-02 13:10:00,3.75,17909,United Kingdom,Year 2009-2010,4505,Year 2009-2010:4505
489830,22086,PAPER CHAIN KIT 50'S CHRISTMAS ,1,2009-12-02 13:57:00,2.95,13623,United Kingdom,Year 2009-2010,4743,Year 2009-2010:4743
489830,21755,LOVE BUILDING BLOCK WORD,1,2009-12-02 13:57:00,5.95,13623,United Kingdom,Year 2009-2010,4771,Year 2009-2010:4771
489830,22086,PAPER CHAIN KIT 50'S CHRISTMAS ,1,2009-12-02 13:57:00,2.95,13623,United Kingdom,Year 2009-2010,4773,Year 2009-2010:4773
489830,21755,LOVE BUILDING BLOCK WORD,1,2009-12-02 13:57:00,5.95,13623,United Kingdom,Year 2009-2010,4776,Year 2009-2010:4776
489832,21164,HOME SWEET HOME METAL SIGN ,1,2009-12-02 14:06:00,2.95,14549,United Kingdom,Year 2009-2010,4820,Year 2009-2010:4820
489832,21164,HOME SWEET HOME METAL SIGN ,1,2009-12-02 14:06:00,2.95,14549,United Kingdom,Year 2009-2010,4836,Year 2009-2010:4836
489837,21670,BLUE SPOT CERAMIC DRAWER KNOB,6,2009-12-02 14:21:00,1.25,14396,United Kingdom,Year 2009-2010,4894,Year 2009-2010:4894
489837,21670,BLUE SPOT CERAMIC DRAWER KNOB,6,2009-12-02 14:21:00,1.25,14396,United Kingdom,Year 2009-2010,4895,Year 2009-2010:4895
489866,21877,HOME SWEET HOME MUG,6,2009-12-02 15:04:00,1.25,16200,United Kingdom,Year 2009-2010,5964,Year 2009-2010:5964
489866,37446,MINI CAKE STAND WITH HANGING CAKES,1,2009-12-02 15:04:00,1.45,16200,United Kingdom,Year 2009-2010,5984,Year 2009-2010:5984
489866,22055,MINI CAKE STAND  HANGING STRAWBERY,1,2009-12-02 15:04:00,1.65,16200,United Kingdom,Year 2009-2010,5985,Year 2009-2010:5985
489866,21877,HOME SWEET HOME MUG,6,2009-12-02 15:04:00,1.25,16200,United Kingdom,Year 2009-2010,5994,Year 2009-2010:5994
489866,47578A,ENGLISH ROSE SMALL SCENTED FLOWER,1,2009-12-02 15:04:00,0.85,16200,United Kingdom,Year 2009-2010,6011,Year 2009-2010:6011
489866,47578A,ENGLISH ROSE SMALL SCENTED FLOWER,1,2009-12-02 15:04:00,0.85,16200,United Kingdom,Year 2009-2010,6019,Year 2009-2010:6019
489866,22055,MINI CAKE STAND  HANGING STRAWBERY,1,2009-12-02 15:04:00,1.65,16200,United Kingdom,Year 2009-2010,6022,Year 2009-2010:6022
489866,37446,MINI CAKE STAND WITH HANGING CAKES,1,2009-12-02 15:04:00,1.45,16200,United Kingdom,Year 2009-2010,6023,Year 2009-2010:6023
489866,84705A,ENGLISH ROSE PHOTO FRAME ,1,2009-12-02 15:04:00,4.65,16200,United Kingdom,Year 2009-2010,6045,Year 2009-2010:6045
489866,84705A,ENGLISH ROSE PHOTO FRAME ,1,2009-12-02 15:04:00,4.65,16200,United Kingdom,Year 2009-2010,6063,Year 2009-2010:6063
489875,21348,PINK SPOTS CHOCOLATE NESTING BOXES ,1,2009-12-02 15:41:00,2.95,17841,United Kingdom,Year 2009-2010,6226,Year 2009-2010:6226
489875,21865,PINK UNION JACK  PASSPORT COVER ,1,2009-12-02 15:41:00,2.1,17841,United Kingdom,Year 2009-2010,6231,Year 2009-2010:6231
489875,21865,PINK UNION JACK  PASSPORT COVER ,1,2009-12-02 15:41:00,2.1,17841,United Kingdom,Year 2009-2010,6239,Year 2009-2010:6239
489875,21348,PINK SPOTS CHOCOLATE NESTING BOXES ,1,2009-12-02 15:41:00,2.95,17841,United Kingdom,Year 2009-2010,6244,Year 2009-2010:6244
489878,21107,CREAM SLICE FLANNEL PINK SPOT ,1,2009-12-02 15:51:00,2.95,15989,United Kingdom,Year 2009-2010,6286,Year 2009-2010:6286
489878,21107,CREAM SLICE FLANNEL PINK SPOT ,1,2009-12-02 15:51:00,2.95,15989,United Kingdom,Year 2009-2010,6305,Year 2009-2010:6305
490008,47591B,SCOTTIES DES CHILD'S APRON,1,2009-12-03 12:10:00,1.65,15768,United Kingdom,Year 2009-2010,6949,Year 2009-2010:6949
490008,47591B,SCOTTIES DES CHILD'S APRON,1,2009-12-03 12:10:00,1.65,15768,United Kingdom,Year 2009-2010,6961,Year 2009-2010:6961
490014,22073,RETRO SPOT STORAGE JAR,1,2009-12-03 12:28:00,3.75,15466,United Kingdom,Year 2009-2010,7127,Year 2009-2010:7127
490014,22073,RETRO SPOT STORAGE JAR,1,2009-12-03 12:28:00,3.75,15466,United Kingdom,Year 2009-2010,7170,Year 2009-2010:7170
490063,20870,OPULENT VELVET CANDLE IN BOX,1,2009-12-03 13:49:00,2.1,17271,United Kingdom,Year 2009-2010,7642,Year 2009-2010:7642
490063,20870,OPULENT VELVET CANDLE IN BOX,1,2009-12-03 13:49:00,2.1,17271,United Kingdom,Year 2009-2010,7653,Year 2009-2010:7653
490063,37448,CERAMIC CAKE DESIGN SPOTTED MUG,1,2009-12-03 13:49:00,1.49,17271,United Kingdom,Year 2009-2010,7654,Year 2009-2010:7654
490063,10002,INFLATABLE POLITICAL GLOBE ,1,2009-12-03 13:49:00,0.85,17271,United Kingdom,Year 2009-2010,7655,Year 2009-2010:7655
490063,10002,INFLATABLE POLITICAL GLOBE ,1,2009-12-03 13:49:00,0.85,17271,United Kingdom,Year 2009-2010,7670,Year 2009-2010:7670
490063,37448,CERAMIC CAKE DESIGN SPOTTED MUG,1,2009-12-03 13:49:00,1.49,17271,United Kingdom,Year 2009-2010,7674,Year 2009-2010:7674
490063,22082,RIBBON REEL STRIPES DESIGN ,1,2009-12-03 13:49:00,1.65,17271,United Kingdom,Year 2009-2010,7685,Year 2009-2010:7685
490063,22082,RIBBON REEL STRIPES DESIGN ,1,2009-12-03 13:49:00,1.65,17271,United Kingdom,Year 2009-2010,7686,Year 2009-2010:7686
490072,21479,WHITE SKULL HOT WATER BOTTLE ,2,2009-12-03 14:28:00,3.75,17764,United Kingdom,Year 2009-2010,7783,Year 2009-2010:7783
490072,21479,WHITE SKULL HOT WATER BOTTLE ,2,2009-12-03 14:28:00,3.75,17764,United Kingdom,Year 2009-2010,7793,Year 2009-2010:7793
490090,84670,JAPANESE CROCHETED ANIMAL,1,2009-12-03 15:53:00,0.42,15581,United Kingdom,Year 2009-2010,8628,Year 2009-2010:8628
490090,22114,HOT WATER BOTTLE TEA AND SYMPATHY,1,2009-12-03 15:53:00,3.95,15581,United Kingdom,Year 2009-2010,8635,Year 2009-2010:8635
490090,22114,HOT WATER BOTTLE TEA AND SYMPATHY,1,2009-12-03 15:53:00,3.95,15581,United Kingdom,Year 2009-2010,8640,Year 2009-2010:8640
490090,84670,JAPANESE CROCHETED ANIMAL,1,2009-12-03 15:53:00,0.42,15581,United Kingdom,Year 2009-2010,8641,Year 2009-2010:8641
490097,21481,FAWN BLUE HOT WATER BOTTLE,2,2009-12-03 16:09:00,2.95,17329,United Kingdom,Year 2009-2010,8759,Year 2009-2010:8759
490097,21481,FAWN BLUE HOT WATER BOTTLE,2,2009-12-03 16:09:00,2.95,17329,United Kingdom,Year 2009-2010,8765,Year 2009-2010:8765
490111,21447,12 IVORY ROSE PEG PLACE SETTINGS,1,2009-12-03 16:54:00,1.25,17576,United Kingdom,Year 2009-2010,9013,Year 2009-2010:9013
490111,21447,12 IVORY ROSE PEG PLACE SETTINGS,1,2009-12-03 16:54:00,1.25,17576,United Kingdom,Year 2009-2010,9027,Year 2009-2010:9027
490124,20747,PICCADILLY TEA SET,1,2009-12-03 18:08:00,14.95,16791,United Kingdom,Year 2009-2010,9230,Year 2009-2010:9230
490124,20747,PICCADILLY TEA SET,1,2009-12-03 18:08:00,14.95,16791,United Kingdom,Year 2009-2010,9233,Year 2009-2010:9233
490128,21726,MULTI HEARTS  STICKERS,6,2009-12-03 18:23:00,0.85,15884,United Kingdom,Year 2009-2010,9298,Year 2009-2010:9298
490128,21726,MULTI HEARTS  STICKERS,6,2009-12-03 18:23:00,0.85,15884,United Kingdom,Year 2009-2010,9300,Year 2009-2010:9300
490136,21054,NURSE'S BAG SOFT TOY,1,2009-12-03 19:13:00,8.95,17432,United Kingdom,Year 2009-2010,9391,Year 2009-2010:9391
490136,21432,SET OF 3 CASES WOODLAND DESIGN,1,2009-12-03 19:13:00,5.95,17432,United Kingdom,Year 2009-2010,9392,Year 2009-2010:9392
490136,21054,NURSE'S BAG SOFT TOY,1,2009-12-03 19:13:00,8.95,17432,United Kingdom,Year 2009-2010,9396,Year 2009-2010:9396
490136,21432,SET OF 3 CASES WOODLAND DESIGN,1,2009-12-03 19:13:00,5.95,17432,United Kingdom,Year 2009-2010,9401,Year 2009-2010:9401
490154,21243,PINK  SPOTTY PLATE ,1,2009-12-04 10:18:00,1.69,16335,United Kingdom,Year 2009-2010,10292,Year 2009-2010:10292
490154,21243,PINK  SPOTTY PLATE ,1,2009-12-04 10:18:00,1.69,16335,United Kingdom,Year 2009-2010,10318,Year 2009-2010:10318
490272,22058,CERAMIC LOVE HEARTS DESIGN MUG,1,2009-12-04 12:36:00,1.49,14680,United Kingdom,Year 2009-2010,10705,Year 2009-2010:10705
490272,22058,CERAMIC LOVE HEARTS DESIGN MUG,1,2009-12-04 12:36:00,1.49,14680,United Kingdom,Year 2009-2010,10708,Year 2009-2010:10708
490279,84558A,3D DOG PICTURE PLAYING CARDS,1,2009-12-04 12:37:00,2.95,16891,United Kingdom,Year 2009-2010,10736,Year 2009-2010:10736
490279,79026B,"S/4 ICON COASTER,ELVIS LIVES",1,2009-12-04 12:37:00,1.25,16891,United Kingdom,Year 2009-2010,10738,Year 2009-2010:10738
490279,35924,HANGING FAIRY CAKE DECORATION,1,2009-12-04 12:37:00,2.1,16891,United Kingdom,Year 2009-2010,10740,Year 2009-2010:10740
490279,22091,EMPIRE TISSUE BOX,1,2009-12-04 12:37:00,1.25,16891,United Kingdom,Year 2009-2010,10742,Year 2009-2010:10742
490279,21626,VINTAGE UNION JACK PENNANT,1,2009-12-04 12:37:00,1.95,16891,United Kingdom,Year 2009-2010,10746,Year 2009-2010:10746
490279,22115,METAL SIGN EMPIRE TEA,1,2009-12-04 12:37:00,2.95,16891,United Kingdom,Year 2009-2010,10747,Year 2009-2010:10747
490279,84558A,3D DOG PICTURE PLAYING CARDS,1,2009-12-04 12:37:00,2.95,16891,United Kingdom,Year 2009-2010,10751,Year 2009-2010:10751
490279,22115,METAL SIGN EMPIRE TEA,1,2009-12-04 12:37:00,2.95,16891,United Kingdom,Year 2009-2010,10797,Year 2009-2010:10797
490279,35924,HANGING FAIRY CAKE DECORATION,1,2009-12-04 12:37:00,2.1,16891,United Kingdom,Year 2009-2010,10799,Year 2009-2010:10799
490279,84520D,PACK OF 20 FAIRY CAKE PAPER NAPKINS,1,2009-12-04 12:37:00,0.85,16891,United Kingdom,Year 2009-2010,10800,Year 2009-2010:10800
490279,40018E,TEA TIME PAPER LANTERNS,1,2009-12-04 12:37:00,1.95,16891,United Kingdom,Year 2009-2010,10801,Year 2009-2010:10801
