Country,size,mean
Australia,1913,0.0
Austria,938,0.0
Bahrain,126,0.5317460317460317
Belgium,3123,0.0
Bermuda,34,1.0
Brazil,94,0.0
Canada,228,0.0
Channel Islands,1664,0.0
Cyprus,1176,0.0
Czech Republic,30,0.0
Denmark,817,0.0
EIRE,17866,0.09352960931378036
European Community,61,0.0
Finland,1049,0.0
France,14330,0.008932309839497558
Germany,17624,0.0
Greece,663,0.0
Hong Kong,364,1.0
Iceland,253,0.0
Israel,371,0.12668463611859837
Italy,1534,0.0
Japan,582,0.0
Korea,63,0.0
Lebanon,58,0.22413793103448276
Lithuania,189,0.0
Malta,299,0.0
Netherlands,5140,0.0
Nigeria,32,0.0625
Norway,1455,0.0
Poland,535,0.0
Portugal,2620,0.044274809160305344
RSA,169,0.27218934911242604
Saudi Arabia,10,0.0
Singapore,346,0.0
Spain,3811,0.0
Sweden,1364,0.013929618768328446
Switzerland,3189,0.039197240514267796
Thailand,76,0.0
USA,535,0.0
United Arab Emirates,500,0.228
United Kingdom,981330,0.24459559984918428
Unspecified,756,0.30687830687830686
West Indies,54,0.0
