month,size,mean
2009-12,45228,0.2977801361988149
2010-01,31555,0.2888924100776422
2010-02,29388,0.18653872328841703
2010-03,41511,0.2022837320228373
2010-04,34057,0.18275244443139443
2010-05,35323,0.16190584038728306
2010-06,39983,0.20091038691443863
2010-07,33383,0.16885840098253602
2010-08,33306,0.19107668287996157
2010-09,42091,0.15929771209997387
2010-10,59098,0.14445497309553623
2010-11,78015,0.2118182400820355
2010-12,65004,0.35922404775090766
2011-01,35147,0.37656129968418356
2011-02,27707,0.2650593712780164
2011-03,36748,0.24289757265701534
2011-04,29916,0.22456210723358738
2011-05,37030,0.21933567377801783
2011-06,36874,0.24510495199869828
2011-07,39518,0.30406397084872716
2011-08,35284,0.2160185919963723
2011-09,50226,0.18723370365945924
2011-10,60742,0.16540449771163282
2011-11,84711,0.22562595176541417
2011-12,25526,0.3080780380788216
