country,size,mean,median,std,skew
Australia,95,1782.6416842105261,392.97999999999996,4546.950484697959,3.3971266721518036
Austria,45,524.7335555555557,437.90000000000003,403.73382851461764,0.9444177294654236
Bahrain,10,310.979,373.78,166.69327397282046,-0.38041286652815043
Belgium,149,438.97530201342283,333.82,351.9937275423118,1.8546520848842571
Bermuda,1,1253.1399999999999,1253.1399999999999,,
Brazil,2,705.935,705.935,618.9517787760205,
Canada,8,610.38,542.59,435.6608407924678,0.2788709795547807
Channel Islands,55,811.5132727272727,828.84,495.6207972127801,0.3971157835602483
Cyprus,37,675.1386486486487,500.24,607.4668781467392,1.737981789375004
Czech Republic,2,413.37,413.37,192.17748099087987,
Denmark,43,1594.8997674418606,678.6,2862.035035765625,4.178897357676472
EIRE,626,1052.9536741214058,683.75,2351.267902903502,11.747368559928956
European Community,4,325.0625,289.225,273.16807211861345,0.6344910934400757
Finland,57,525.0094736842105,409.2,431.975464442224,2.59263320191697
France,622,563.7527009646302,389.68,815.623342420129,7.604115004630874
Germany,789,539.3895830164765,389.5,597.6923138598462,5.6806857259977805
Greece,18,1060.8994444444443,701.3499999999999,891.8365380921236,1.3261825270185263
Hong Kong,15,1592.9546666666668,1883.65,957.4700648723523,-0.44431006036197224
Iceland,8,615.19125,598.22,315.7736577015478,1.447569943659536
Israel,10,1133.466,601.415,1463.5051786432311,2.152043600955653
Italy,65,494.1941538461538,368.7,394.36434403152305,1.244090121404072
Japan,33,1303.7548484848485,320.08,1679.3012571102327,1.1813973804871678
Korea,2,559.255,559.255,552.3423199882479,
Lebanon,2,952.7900000000001,952.7900000000001,1048.0595289390772,
Lithuania,6,815.4466666666667,791.53,742.3632899778023,0.07906229949154057
Malta,9,899.8988888888889,818.19,627.1758981626374,0.5413050466788836
Netherlands,228,2429.9988596491226,607.19,3947.0738642845954,2.318909347359608
Nigeria,2,70.195,70.195,59.9272997055599,
Norway,45,1251.611111111111,700.0,1589.8301688605586,2.327873585828365
Poland,28,380.5103571428572,318.755,214.43973843107122,0.9675238412602424
Portugal,95,593.1803157894736,421.55,522.471936879384,1.6111057254616479
RSA,4,1201.08,1218.8,271.986080281081,-0.05848073429625716
Saudi Arabia,1,145.92,145.92,,
Singapore,11,2301.550909090909,2053.07,1780.5401428861664,0.8917803933853777
Spain,154,703.790974025974,432.89,864.2821493989294,2.62687607919308
Sweden,105,875.2735238095238,454.2,1066.5345898480139,2.218153494030197
Switzerland,93,1082.8805376344085,535.37,1720.7557840444797,3.5696385643082142
Thailand,2,1535.27,1535.27,596.1900114896256,
USA,20,418.343,342.255,380.67723917001564,1.8572774981248474
United Arab Emirates,16,693.6018750000001,503.9,572.6924152948509,0.93955456486481
United Kingdom,36535,478.0592948405639,297.84999999999997,1439.9014138807995,55.56467140043934
Unspecified,24,455.6670833333333,292.975,378.7191802754575,1.2360634126898948
West Indies,1,536.41,536.41,,
