month_number,weekday,mean,size
1,0,22126.87888888889,9
1,1,43798.676375,8
1,2,22783.015,8
1,3,32250.1775,8
1,4,26466.464555555558,9
1,5,0.0,10
1,6,11607.802,10
2,0,27152.09525,8
2,1,27204.17,8
2,2,22560.66025,8
2,3,25975.463750000003,8
2,4,20265.373875,8
2,5,0.0,8
2,6,11463.690125000001,8
3,0,30507.585666666666,9
3,1,34479.587,10
3,2,27101.011,10
3,3,34506.821111111116,9
3,4,29031.96875,8
3,5,0.0,8
3,6,14752.2625,8
4,0,27551.727625,8
4,1,29023.575,8
4,2,27537.0875,8
4,3,32683.387888888887,9
4,4,16186.705100000001,10
4,5,0.0,9
4,6,11302.61875,8
5,0,19657.922,10
5,1,33509.53222222222,9
5,2,29489.765,8
5,3,39088.6625,8
5,4,28243.5975,8
5,5,0.0,9
5,6,15765.367000000002,10
6,0,30508.85,8
6,1,32157.996666666662,9
6,2,30540.721,10
6,3,35204.09444444444,9
6,4,26917.71875,8
6,5,0.0,8
6,6,17866.4325,8
7,0,30191.385000000002,8
7,1,29594.148875,8
7,2,26226.8525,8
7,3,36410.97555555556,9
7,4,21332.987,10
7,5,0.0,10
7,6,15645.154444444446,9
8,0,19533.004999999997,10
8,1,28796.868,10
8,2,33213.29777777778,9
8,3,42239.70125,8
8,4,24136.64875,8
8,5,0.0,8
8,6,15909.342222222223,9
9,0,46948.577625,8
9,1,48458.0,8
9,2,32841.30222222222,9
9,3,43920.4401,10
9,4,34665.665555555555,9
9,5,0.0,8
9,6,21612.931375,8
10,0,47417.19666666667,9
10,1,52383.2725,8
10,2,44520.5675,8
10,3,54309.01625,8
10,4,48480.03555555556,9
10,5,0.0,10
10,6,24768.527,10
11,0,72842.63455555556,9
11,1,58749.303,10
11,2,61946.759,9
11,3,64815.7775,8
11,4,50804.795,8
11,5,0.0,8
11,6,31775.8325,8
12,0,38127.456666666665,9
12,1,43128.463,10
12,2,34915.13363636364,11
12,3,37264.60916666667,12
12,4,48466.203636363636,11
12,5,1089.2277777777776,9
12,6,15515.307777777776,9
